movie_id,iers_rank_group,year_bucket
356,1,4
318,1,4
296,1,4
593,1,5
2571,1,4
260,1,5
480,1,4
527,1,4
110,1,4
2959,1,4
589,1,5
1196,1,5
1,1,4
4993,1,4
50,1,4
1210,1,5
1198,1,5
2858,1,4
858,1,5
5952,1,3
7153,1,3
47,1,4
1270,1,5
780,1,4
150,1,4
608,1,4
32,1,4
2028,1,4
2762,1,4
3578,1,4
364,1,4
4306,1,4
58559,1,3
4226,1,4
1580,1,4
1704,1,4
79132,1,3
1291,1,5
1197,1,5
1136,1,5
1721,1,4
6539,1,3
648,1,4
1036,1,5
541,1,5
1214,1,5
1193,1,5
6377,1,3
1089,1,4
4886,1,4
4973,1,4
1221,1,5
6874,1,3
1682,1,4
165,1,4
293,1,4
7361,1,3
1527,1,4
1213,1,5
3793,1,4
2628,1,4
4963,1,4
4995,1,4
1200,1,5
34,1,4
2329,1,4
153,1,4
736,1,4
8961,1,3
3147,1,4
5445,1,3
5349,1,3
2997,1,4
1258,1,5
1206,1,6
111,1,5
5418,1,3
924,1,6
778,1,4
10,1,4
5989,1,3
3996,1,4
1732,1,4
1617,1,4
208,1,4
60069,1,3
4878,1,4
912,1,6
750,1,6
3114,1,4
1208,1,5
39,1,4
4896,1,4
44191,1,3
1222,1,5
48516,1,3
1923,1,4
68954,1,3
4011,1,4
4022,1,4
2683,1,4
1246,1,5
2706,1,4
292,1,4
72998,1,3
6,1,4
2,1,4
2396,1,4
2324,1,4
4027,1,4
1517,1,4
1784,1,4
68157,1,3
6365,1,3
185,1,4
2502,1,4
48780,1,3
1393,1,4
5618,1,4
1259,1,5
1917,1,4
109487,1,2
8368,1,3
1080,1,5
2355,1,4
161,1,4
21,1,4
1219,1,6
339,1,4
3949,1,4
1653,1,4
1584,1,4
19,1,4
1225,1,5
5378,1,3
8636,1,3
99114,1,2
141,1,4
54286,1,3
95,1,4
6711,1,3
8360,1,3
904,1,6
1573,1,4
3948,1,4
25,1,4
91529,1,2
6016,1,3
3897,1,4
48394,1,3
17,1,4
2710,1,4
2542,1,4
36,1,4
104,1,4
1356,1,4
2617,1,4
923,1,6
63082,1,3
46578,1,3
788,1,4
74458,1,3
2692,1,4
40815,1,3
51662,1,3
1485,1,4
3751,1,4
33493,1,3
1625,1,4
55820,1,3
16,1,4
3623,1,4
56367,1,3
5218,1,3
1201,1,6
3408,1,4
62,1,4
6934,1,3
70286,1,3
3977,1,4
2700,1,4
1391,1,4
89745,1,2
7147,1,3
8644,1,3
1676,1,4
3052,1,4
5995,1,3
11,1,4
4034,1,4
3481,1,4
1252,1,5
908,1,6
1090,1,5
1407,1,4
1203,1,6
3994,1,4
134130,1,2
69122,1,3
68358,1,3
2712,2,4
1207,2,6
903,2,6
1544,2,4
4979,2,4
7143,2,3
106782,2,2
1234,2,5
116797,2,2
2353,2,4
953,2,6
786,2,4
1148,2,4
3753,2,4
6373,2,3
4246,2,4
1641,2,4
48774,2,3
4262,2,5
1266,2,4
173,2,4
1608,2,4
1183,2,4
3081,2,4
920,2,6
2395,2,4
3175,2,4
81845,2,3
73017,2,3
78499,2,3
5459,2,3
51255,2,3
2671,2,4
4308,2,4
56174,2,3
163,2,4
69844,2,3
6863,2,3
70,2,4
81834,2,3
80463,2,3
1777,2,4
4370,2,4
122904,2,2
1500,2,4
708,2,4
160,2,4
76093,2,3
2006,2,4
832,2,4
1673,2,4
3176,2,4
91500,2,2
48385,2,3
2572,2,4
71535,2,3
5669,2,3
653,2,4
6942,2,3
134853,2,2
2321,2,4
1639,2,4
1233,2,5
81591,2,3
1645,2,4
122882,2,2
5010,2,4
88125,2,3
64614,2,3
6378,2,3
48,2,4
2019,2,6
2599,2,4
4720,2,4
1204,2,6
3000,2,4
109374,2,2
54503,2,3
2167,2,4
196,2,4
33679,2,3
112556,2,2
145,2,4
3160,2,4
5299,2,3
5679,2,3
92259,2,3
4014,2,4
122886,2,2
2424,2,4
1358,2,4
1250,2,6
3535,2,4
115713,2,2
41566,2,3
4447,2,4
4848,2,4
1729,2,4
111759,2,2
4025,2,4
802,2,4
1722,2,4
104841,2,2
49530,2,3
745,2,4
1748,2,4
172,2,4
7,2,4
60684,2,3
2890,2,4
47610,2,3
77561,2,3
2273,2,4
2701,2,4
3,2,4
1876,2,4
2763,2,4
151,2,4
4018,2,4
5,2,4
6870,2,3
6537,2,3
910,2,6
1276,2,6
1690,2,4
69757,2,3
3785,2,4
3717,2,4
8784,2,3
1909,2,4
59369,2,3
236,2,4
1263,2,5
168,2,4
59784,2,3
1262,2,6
76251,2,3
112552,2,2
494,2,4
1466,2,4
805,2,4
1907,2,4
4776,2,4
4310,2,4
68237,2,3
87232,2,3
2288,2,5
4816,2,4
5902,2,3
4975,2,4
2294,2,4
98809,2,2
112,2,4
628,2,4
899,2,6
333,2,4
7293,2,3
5377,2,3
8361,2,3
4270,2,4
57669,2,3
3755,2,4
1228,2,5
3911,2,4
673,2,4
64957,2,3
4718,2,4
783,2,4
5956,2,3
7458,2,3
31658,2,3
5903,2,3
1884,2,4
106920,2,2
1059,2,4
3275,2,4
44195,2,3
186,2,4
115617,2,2
96079,2,2
55247,2,3
84152,2,3
5991,2,3
785,2,4
1569,2,4
3752,2,4
4643,2,4
1597,2,4
164179,2,2
2278,2,4
56782,2,3
1747,2,4
96610,2,2
8984,2,3
53996,2,3
2694,2,4
8529,2,3
1921,2,4
661,2,4
1562,2,4
2761,2,4
246,2,4
79091,2,3
4369,2,4
119145,2,2
47099,2,3
5464,2,3
86332,2,3
85414,2,3
106487,2,2
1172,2,5
3916,2,4
8641,2,3
79702,2,3
7373,2,3
2539,2,4
5971,2,5
3300,2,4
1060,2,4
8622,2,3
4367,2,4
2541,2,4
22,2,4
46976,2,3
54272,2,3
4638,2,4
97921,2,2
30812,2,3
3624,2,4
4148,2,4
111362,2,2
40819,2,3
216,2,4
2770,2,4
4239,2,4
31,2,4
88129,2,3
4223,2,4
44665,2,3
8950,2,3
3967,2,4
105,2,4
3082,2,4
2058,2,4
762,2,4
1287,2,6
585,2,4
5266,2,3
1367,2,4
91542,2,3
1918,2,4
88140,2,3
3006,2,4
110102,2,2
152081,2,2
8533,2,3
1120,2,4
198,2,4
44199,2,3
475,2,4
45720,2,3
41569,2,3
2336,2,4
52,2,4
2724,2,4
3863,2,4
91658,2,3
741,2,4
724,2,4
1405,2,4
180,2,4
1061,2,4
97304,2,2
4874,2,4
52973,2,3
2490,2,4
2605,2,4
29,2,4
102125,2,2
45,2,4
3617,2,4
7090,2,3
4016,2,4
2427,2,4
31696,2,3
69481,2,3
45517,2,3
1047,2,4
8970,2,3
2580,2,4
1882,2,4
97938,2,2
3510,2,4
94959,2,2
51540,2,3
6936,2,3
2393,2,4
30810,2,3
6947,2,3
2723,2,4
204,2,4
88744,2,3
61323,2,3
4299,2,4
3174,2,4
1513,2,4
1042,2,4
4701,2,4
122892,2,2
849,2,4
170,2,4
1479,2,4
2908,2,4
7445,2,3
94864,2,2
5388,2,3
82459,2,3
37729,2,3
60074,2,3
3826,2,4
3988,2,4
53322,2,3
3301,2,4
1644,2,4
102445,2,2
5810,2,3
1912,2,4
24,2,4
72641,2,3
1805,2,4
838,2,4
1357,2,4
148626,2,2
55765,2,3
922,2,6
115569,2,2
4734,2,4
2581,2,4
2826,2,4
1831,2,4
647,2,4
2501,2,4
2722,2,4
112183,2,2
6281,2,3
1590,2,4
68319,2,3
61132,2,3
106696,2,2
6188,2,3
1212,2,6
4344,2,4
2881,2,4
1911,2,4
193,2,4
719,2,4
139385,2,2
6953,2,3
5219,2,3
306,2,4
63113,2,3
3409,2,4
1717,2,4
1566,2,4
4446,2,4
5444,2,3
5254,2,3
33615,2,3
2313,2,5
166528,2,2
3556,2,4
74789,2,3
3005,2,4
3555,2,4
4641,2,4
106100,2,2
97913,2,2
5872,2,3
102903,2,2
2231,2,4
58998,2,3
168252,2,1
230,2,4
1680,2,4
468,2,4
2394,2,4
54259,2,3
327,2,4
6754,2,3
53972,2,3
108932,2,2
3285,2,4
2335,2,4
3148,2,4
34150,2,3
122918,2,1
93510,2,2
56757,2,3
1586,2,4
215,2,4
2687,2,4
89492,2,3
64839,2,3
3273,2,4
115149,2,2
66097,2,3
800,2,4
303,2,4
6541,2,3
122922,2,2
2431,2,4
5673,2,3
2707,2,4
3969,2,4
122900,2,2
57368,2,3
3354,2,4
3798,2,4
93840,2,3
4235,2,4
1298,2,5
72011,2,3
5064,2,3
122920,2,2
3317,2,4
95167,2,2
2391,2,4
96821,2,2
4019,2,4
1801,2,4
6323,2,3
95510,2,2
4015,2,4
4901,2,4
128360,2,2
103249,2,2
2359,2,4
63992,2,3
1779,2,4
4890,2,4
830,2,4
46972,2,3
2010,2,6
40629,2,3
2340,2,4
7022,2,4
41997,2,3
1086,2,6
107,2,4
5945,2,3
6287,2,3
5507,2,3
1499,2,4
60,2,4
6155,2,3
46723,2,3
2485,2,4
135,2,4
1945,2,6
53000,2,3
2125,2,4
671,2,4
88810,2,3
799,2,4
866,2,4
1438,2,4
64969,2,3
837,2,4
7454,2,3
8371,2,3
6708,2,3
72378,2,3
2428,2,4
562,2,4
237,2,4
38038,2,3
3504,2,5
97752,2,2
48738,2,3
743,2,4
954,2,6
122916,2,1
4343,2,4
3745,2,4
1449,2,4
7323,2,3
31410,2,3
73321,2,3
909,2,6
1209,2,6
7360,2,3
3681,2,6
67255,2,3
60040,2,3
2600,2,4
88163,2,3
118696,2,2
5225,2,4
1411,2,4
14,2,4
3882,2,4
2686,2,4
2688,2,4
6503,2,3
86880,2,3
1476,2,4
3435,2,6
3157,2,4
3827,2,4
142488,2,2
27706,2,3
222,2,4
61240,2,3
1254,2,6
18,2,4
1591,2,4
3986,2,4
101864,2,2
81564,2,3
52281,2,3
637,2,4
7099,2,5
5954,2,3
5528,2,3
1835,2,4
106072,2,2
94777,2,2
104879,2,2
4232,2,4
90405,2,3
60072,2,3
7444,2,3
1217,2,5
1635,2,4
3113,2,4
103228,2,2
2384,2,4
1556,2,4
49278,2,3
82461,2,3
6383,2,3
3186,2,4
1041,2,4
3825,2,4
6565,2,3
55269,2,3
176371,2,1
4023,2,4
926,2,6
4865,2,4
1237,2,6
203,2,4
117176,2,2
880,2,4
4069,2,4
8958,2,3
207,2,4
168250,2,1
79,2,4
4700,2,4
112175,2,2
748,2,4
103042,2,2
5617,2,3
1894,2,4
928,2,6
46530,2,3
6957,2,3
112623,2,2
3462,2,6
2840,2,4
111360,2,2
58803,2,3
87869,2,3
994,2,4
89864,2,3
5690,2,5
44022,2,3
84954,2,3
1589,2,4
4388,2,4
1619,2,4
104374,2,2
114180,2,2
765,2,4
3968,2,4
105504,2,2
1049,2,4
175,2,4
1227,2,5
1416,2,4
57640,2,3
5291,2,6
88,2,4
55118,2,3
1687,2,4
3534,2,4
1883,2,4
280,2,4
51935,2,3
107406,2,2
41285,2,3
52328,2,3
1792,2,4
102407,2,2
1688,2,4
87306,2,3
81932,2,3
65,2,4
1464,2,4
836,2,4
8873,2,3
1693,2,4
4161,2,4
7325,2,3
56775,2,3
3298,2,4
4448,2,4
48043,2,3
140,2,4
5620,2,3
1702,2,4
53519,2,3
69406,2,3
55290,2,3
6564,2,3
6548,2,3
3083,2,4
1281,2,6
101,2,4
3328,2,4
103335,2,2
5992,2,3
2719,2,4
2318,2,4
4881,2,4
3156,2,4
4823,2,4
68791,2,3
3893,2,4
6593,2,3
139644,2,2
1620,2,4
1711,2,4
48304,2,3
338,2,4
103141,2,2
7318,2,3
2841,2,4
7160,2,3
58025,2,3
905,2,6
2805,2,4
3178,2,4
2297,2,4
3910,2,4
69,2,4
3593,2,4
1614,2,4
1178,2,6
69526,2,3
106916,2,2
41,2,4
187593,2,1
114662,2,2
737,2,4
147,2,4
5171,2,3
115210,2,2
3452,2,4
1834,2,4
1588,2,4
1892,2,4
707,2,4
2338,2,4
2333,2,4
2505,2,4
86833,2,3
79293,2,3
5785,2,3
3744,2,4
39292,2,3
86911,2,3
2672,2,4
64716,2,3
3159,2,4
4728,2,4
171763,2,1
23,2,4
143355,2,1
39446,2,3
68554,2,3
144,2,4
56587,2,3
2720,2,4
27660,2,3
46970,2,3
8910,2,3
174055,2,1
135133,2,2
3979,2,4
111781,2,2
5400,2,3
5014,2,4
3355,2,4
122926,2,1
5110,2,4
53953,2,3
164,2,4
262,2,4
3536,2,4
3030,2,6
166461,2,2
33162,2,3
3173,2,4
1885,2,4
5944,2,3
55276,2,3
108190,2,2
7162,2,3
4639,2,4
54995,2,3
1920,2,4
5152,2,3
86,2,4
40278,2,3
714,2,4
63876,2,3
7371,2,3
3089,2,6
67087,2,3
49286,2,3
6620,2,3
218,2,4
7347,2,3
56152,2,3
96588,2,2
3980,2,4
114935,2,2
20,2,4
140174,2,2
112290,2,2
34437,2,3
4366,2,4
2496,2,4
2059,2,4
7173,2,3
1754,2,4
4992,2,4
112138,2,2
143385,2,2
1359,2,4
1616,2,4
164909,2,2
56145,2,3
267,2,4
100,2,4
106002,2,2
1672,2,4
94,2,4
1354,2,4
2713,2,4
8861,2,3
2966,2,4
8865,2,3
4873,2,4
839,2,4
84944,2,3
177593,2,1
3146,2,4
2567,2,4
5463,2,3
9,2,4
6867,2,3
7149,2,3
2598,2,4
1810,2,4
2433,2,4
79695,2,3
122906,2,1
152077,2,2
6156,2,3
45728,2,3
3981,2,4
5313,2,3
1537,3,4
1665,2,4
6385,2,3
71264,2,3
34072,2,3
1147,2,4
98961,2,2
1515,2,4
104913,2,2
63131,2,3
257,3,4
104211,2,2
56949,3,3
1719,2,4
6586,2,3
2976,3,4
96737,2,2
60950,3,3
6888,3,3
63072,2,3
446,3,4
103341,2,2
8965,3,3
6297,3,3
8985,3,3
1459,3,4
3821,3,4
111659,3,2
91535,3,2
136020,3,2
6283,3,4
4054,3,4
7317,3,3
55442,3,3
5881,3,3
6879,3,3
2622,3,4
4958,3,4
239,3,4
158238,3,2
59501,3,3
60126,3,3
138036,3,2
4033,3,4
65261,3,3
5957,3,3
55052,3,3
3999,3,4
7163,3,3
45431,3,3
88405,3,3
157296,3,2
179819,3,1
1488,3,4
62434,3,3
71057,3,3
45950,3,3
2731,3,6
3155,3,4
6595,3,3
605,3,4
8969,3,3
125,3,4
52245,3,3
76,3,4
55908,3,3
74,3,4
4238,3,4
5791,3,3
8907,3,3
83134,3,3
728,3,4
1429,3,4
1280,3,5
2912,3,4
166635,3,2
3307,3,6
6550,3,3
79357,3,3
78469,3,3
6296,3,3
135536,3,2
5419,3,3
32031,3,3
99112,3,2
140110,3,2
1057,3,4
97306,3,2
78105,3,3
89,3,4
195159,3,1
996,3,4
96829,3,2
111921,3,2
1916,3,4
1895,3,4
89774,3,3
53123,3,3
663,3,4
40732,3,3
55280,3,3
1603,3,4
1707,3,4
5065,3,3
81,3,4
3978,3,4
5026,3,4
67734,3,3
36401,3,3
4974,3,4
1701,3,4
3646,3,4
166643,3,2
135569,3,2
77455,3,3
2702,3,4
2334,3,4
798,3,4
5151,3,3
71530,3,3
65514,3,3
122924,3,2
195,3,4
69644,3,3
102123,3,2
90746,3,3
2730,3,5
1431,3,4
76077,3,3
50068,3,3
5943,3,3
1518,3,4
133771,3,2
6242,3,4
46,3,4
168248,3,1
999,3,4
3483,3,4
2718,3,4
248,3,4
187541,3,1
1289,3,5
6873,3,3
78772,3,3
87520,3,3
640,3,4
52604,3,3
3861,3,4
72407,3,3
1888,3,4
6535,3,3
103688,3,2
6331,3,3
4144,3,4
2827,3,4
2389,3,4
58295,3,3
64034,3,3
1735,3,4
2995,3,4
2316,3,4
136864,3,2
120466,3,2
2447,3,4
62849,3,3
3983,3,4
7156,3,3
64620,3,3
1694,3,4
1873,3,4
57528,3,3
51086,3,3
15,3,4
4378,3,4
3615,3,4
3503,3,5
1772,3,4
97923,3,2
4029,3,4
89904,3,3
166534,3,2
95875,3,2
3477,3,4
63062,3,3
87430,3,3
94677,3,2
2690,3,4
73,3,4
44974,3,3
91077,3,3
4020,3,4
1483,3,4
1457,3,4
1422,3,4
159093,3,2
86644,3,3
5294,3,4
68135,3,3
90249,3,3
1232,3,5
818,3,4
6058,3,3
48082,3,3
98154,3,2
5293,3,3
6952,3,3
110553,3,2
8640,3,3
56788,3,3
92420,3,2
84392,3,3
53993,3,3
71838,3,3
55995,3,3
3993,3,4
48877,3,3
662,3,4
2060,3,4
2594,3,4
80219,3,3
98491,3,2
1760,3,4
112171,3,2
5135,3,4
55363,3,3
70293,3,3
2153,3,4
986,3,4
782,3,4
97,3,4
134368,3,2
123,3,4
4247,3,4
46335,3,3
7154,3,3
163645,3,2
2677,3,4
67197,3,3
37727,3,3
4844,3,4
3512,3,4
7367,3,3
59900,3,3
4642,3,4
59387,3,3
3053,3,4
6753,3,3
26,3,4
67923,3,3
1305,3,5
1769,3,4
181,3,4
2279,3,4
694,3,4
44694,3,3
58293,3,3
71379,3,3
52885,3,3
4,3,4
4744,3,4
7158,3,3
1914,3,4
42723,3,3
69640,3,3
3022,3,6
104243,3,2
4903,3,4
8366,3,3
83613,3,3
1461,3,4
3513,3,4
1833,3,4
1753,3,4
2360,3,4
1627,3,4
4386,3,4
1615,3,4
71156,3,3
7439,3,3
67408,3,3
85,3,4
140956,3,1
85510,3,3
5025,3,3
157,3,4
111364,3,2
56941,3,3
5882,3,3
1643,3,4
3316,3,4
162606,3,2
7981,3,3
3952,3,4
188,3,4
4876,3,4
68793,3,3
46965,3,3
8373,3,3
4036,3,4
2390,3,4
1594,3,4
77866,3,3
3629,3,6
2025,3,4
991,3,4
1713,3,4
54190,3,3
130634,3,2
4880,3,4
3998,3,4
63,3,4
58047,3,3
62999,3,3
7285,3,3
81537,3,3
64983,3,3
3484,3,4
5446,3,3
7139,3,3
328,3,4
609,3,4
115122,3,2
43,3,4
180031,3,1
42,3,4
2432,3,4
79185,3,3
64575,3,3
51412,3,3
6264,3,3
5608,3,4
78637,3,3
6552,3,3
82,3,4
71033,3,3
121231,3,2
56339,3,3
1845,3,4
89753,3,3
161582,3,2
45501,3,3
99007,3,2
78209,3,3
2357,3,4
43936,3,3
80906,3,3
99149,3,2
2296,3,4
91485,3,2
65682,3,3
1726,3,4
5267,3,3
57,3,4
110730,3,2
68952,3,3
613,3,4
7263,3,3
2322,3,4
66,3,4
159,3,4
176,3,4
5108,3,3
137857,3,2
78574,3,3
2387,3,4
93838,3,3
2107,3,4
7151,3,3
97225,3,2
130490,3,2
175303,3,1
2859,3,5
135887,3,2
84374,3,3
66203,3,3
4368,3,4
2861,3,4
53129,3,3
1633,3,4
177615,3,1
7161,3,3
4149,3,4
1681,3,4
65230,3,3
192803,3,1
177,3,4
51084,3,3
45668,3,3
1799,3,4
3997,3,4
120799,3,2
1727,3,4
52975,3,3
5147,3,6
89804,3,3
162414,3,2
2282,3,4
102194,3,2
27721,3,3
102716,3,2
5812,3,3
92,3,4
76293,3,3
58299,3,3
879,3,4
8977,3,3
5364,3,3
82169,3,3
183897,3,1
71135,3,3
84601,3,3
61,3,4
64497,3,3
804,3,4
358,3,4
104241,3,2
69951,3,3
2793,3,4
2188,3,4
631,3,4
1446,3,4
54999,3,3
79139,3,3
59022,3,3
34542,3,3
5008,3,6
6764,3,3
3007,3,4
70336,3,3
332,3,4
62081,3,3
3618,3,4
1425,3,4
4017,3,4
60037,3,3
74545,3,3
5265,3,3
182715,3,1
1541,3,4
1862,3,4
8966,3,3
6890,3,3
100714,3,2
1689,3,4
7324,3,3
85788,3,3
129354,3,2
57274,3,3
407,3,4
4406,3,6
4994,3,4
45666,3,3
87485,3,3
74530,3,3
711,3,4
1353,3,4
49651,3,3
1542,3,4
70183,3,3
2558,3,4
44193,3,3
49649,3,3
98243,3,2
3786,3,4
45210,3,3
3783,3,4
132046,3,2
5380,3,3
32596,3,3
6765,3,3
1005,3,4
2068,3,5
146656,3,2
93,3,4
162578,3,2
891,3,4
6615,3,3
102686,3,2
174,3,4
60766,3,3
59725,3,3
132,3,4
82202,3,3
5420,3,3
96861,3,2
96811,3,2
4052,3,4
3469,3,6
79057,3,3
2676,3,4
160438,3,2
3185,3,4
842,3,4
57504,3,3
91104,3,3
4889,3,4
2772,3,4
36525,3,3
6213,3,3
848,3,4
165549,3,2
2860,3,4
70599,3,3
44972,3,3
64,3,4
117895,3,2
103980,3,2
2952,3,4
781,3,4
8370,3,3
6482,3,3
1366,3,4
3565,3,4
2606,3,4
158966,3,2
6367,3,3
6294,3,3
55577,3,3
742,3,4
259,3,4
85020,3,3
6880,3,3
5128,3,3
810,3,4
2315,3,4
55267,3,3
102,3,4
188301,3,1
78039,3,3
53956,3,3
61248,3,3
2497,3,4
31221,3,3
6380,3,3
101142,3,2
68205,3,3
71579,3,3
160980,3,2
3991,3,4
7034,3,4
176101,3,1
54881,3,3
2709,3,4
7327,3,6
105213,3,2
50794,3,3
5093,3,3
113345,3,2
79224,3,3
83349,3,3
108945,3,2
37380,3,3
2889,3,4
4254,3,4
1474,3,4
54736,3,3
2583,3,4
140267,3,2
1480,3,4
3677,3,4
6889,3,3
1658,3,4
7380,3,3
581,3,4
2155,3,4
107348,3,2
113741,3,2
6006,3,3
48982,3,3
3987,3,4
94478,3,2
4228,3,4
5876,3,3
6987,3,6
3189,3,4
94780,3,2
627,3,4
56156,3,3
829,3,4
1111,3,4
90647,3,3
96728,3,2
2810,3,4
4255,3,4
2320,3,4
103810,3,2
179401,3,1
168366,3,1
86898,3,3
85056,3,3
149334,3,2
13,3,4
1734,3,4
611,3,4
2693,3,4
3852,3,4
108729,3,2
2961,3,4
80363,3,3
2236,3,4
103075,3,2
3097,3,6
65130,3,3
4155,3,4
1683,3,4
55721,3,3
704,3,4
117533,3,2
4866,3,4
8973,3,3
101525,3,2
1730,3,4
3129,3,4
49822,3,3
122896,3,1
71520,3,3
91976,3,3
73323,3,3
27728,3,3
79134,3,3
68073,3,3
52952,3,3
90376,3,3
168612,3,1
72733,3,3
4387,3,4
2325,3,4
149406,3,2
4902,3,4
152970,3,2
4814,3,4
5959,3,3
8860,3,3
3134,3,6
5479,3,3
1752,3,4
2328,3,4
89759,3,3
766,3,4
2806,3,4
2579,3,4
45880,3,3
4167,3,4
85774,3,3
103384,3,2
886,3,4
5572,3,3
74510,3,3
1361,3,4
2883,3,4
135436,3,2
2392,3,4
107141,3,2
93721,3,3
5478,3,3
3054,3,4
48322,3,3
73344,3,3
71254,3,3
7265,3,3
8372,3,3
80693,3,3
4056,3,4
175569,3,1
7137,3,3
103372,3,2
3784,3,4
27317,3,4
163134,3,2
1866,3,4
58103,3,3
127202,3,2
91974,3,2
85131,3,3
1392,3,4
1050,3,4
5146,3,4
81782,3,3
48783,3,3
1889,3,4
2843,3,4
43396,3,3
44004,3,3
2560,3,4
27,3,4
3546,3,6
59421,3,3
60937,3,3
3564,3,4
1363,3,4
61236,3,3
3754,3,4
98203,3,2
45730,3,3
47999,3,3
81788,3,3
3004,3,4
83132,3,3
85342,3,3
90439,3,3
54004,3,3
7164,3,3
61160,3,3
1840,3,4
2596,3,4
191,3,4
5530,3,3
1487,3,4
5296,3,3
189333,3,1
43679,3,3
2549,3,4
4867,3,4
33437,3,3
3896,3,4
90531,3,3
8866,3,3
5047,3,3
101362,3,2
80969,3,3
7366,3,3
801,3,4
8870,3,3
105355,3,2
2906,3,4
4159,3,4
85367,3,3
2907,3,4
82167,3,3
851,3,4
107069,3,2
47044,3,3
103339,3,2
1390,3,4
1821,3,4
32029,3,3
1593,3,4
109673,3,2
156,3,4
4234,3,4
5508,3,3
72720,3,3
73268,3,3
2439,3,4
69306,3,3
44397,3,3
95543,3,2
165551,3,2
187595,3,1
74795,3,3
42632,3,3
169984,3,1
1003,3,4
122890,3,2
1414,3,4
5312,3,3
5942,3,3
2771,3,4
111443,3,2
47382,3,3
45726,3,3
6538,3,3
34534,3,3
3831,3,4
33834,3,3
6669,3,6
102481,3,2
26131,3,6
109848,3,2
612,3,4
46322,3,3
1648,3,4
1004,3,4
68159,3,3
70159,3,3
162600,3,2
51709,3,3
112370,3,2
2504,3,4
5319,3,4
1836,3,4
1453,3,4
2429,3,4
87876,3,3
1034,3,4
66509,3,3
168326,3,1
3824,3,4
6617,3,3
3163,3,4
3616,3,4
113573,3,2
66171,3,3
5222,3,4
134393,3,2
158872,3,2
101112,3,2
94018,3,2
3179,3,4
4735,3,4
5524,3,3
117590,3,2
27592,3,3
2829,3,4
946,3,6
3973,3,4
56715,3,3
42718,3,3
725,3,4
104944,3,2
140715,3,2
2970,3,5
330,3,4
133419,3,2
49961,3,3
1848,3,4
2905,3,6
4990,3,4
45732,3,3
42725,3,3
606,3,4
97188,3,2
1006,3,4
4248,3,4
67997,3,3
1592,3,4
31364,3,3
1762,3,4
6338,3,3
78349,3,3
4719,3,4
5016,3,4
2337,3,4
3879,3,4
2574,3,4
1401,3,4
6707,3,3
2555,3,4
27266,3,3
92507,3,2
135861,3,2
42734,3,3
6724,3,5
173145,3,1
110127,3,2
5955,3,3
2448,3,4
3310,3,6
8643,3,3
95309,3,2
73881,3,3
3566,3,4
4757,3,4
183611,3,1
59126,3,3
3079,3,4
78893,3,3
1649,3,4
2568,3,4
833,3,4
35,3,4
65642,3,3
1399,3,4
6975,3,4
4978,3,4
65216,3,3
34338,3,3
33880,3,3
7155,3,3
87192,3,3
51575,3,3
26133,3,6
96488,3,2
27731,3,3
86781,3,3
2696,3,4
3177,3,4
47423,3,3
30803,3,3
125916,3,2
105653,3,2
87234,3,3
111622,3,2
3594,3,4
2506,3,4
3953,3,4
143859,3,2
3950,3,4
63436,3,3
3864,3,4
171,3,4
4821,3,4
72395,3,3
7766,3,6
183837,3,1
168492,3,1
326,3,4
53550,3,3
2351,3,6
119155,3,2
100163,3,2
809,3,4
6881,3,3
1432,3,4
3181,3,4
93326,3,2
160080,3,2
4372,3,4
74946,3,3
5804,3,3
4733,3,4
2354,3,4
1051,3,4
94070,3,3
63853,3,3
665,3,4
6951,3,3
892,3,4
6932,3,3
1858,3,4
71211,3,3
73023,3,3
168254,3,1
39381,3,3
6299,3,4
6286,3,3
4725,3,4
3889,3,4
6212,3,3
1046,3,4
135567,3,2
52694,3,3
95858,3,4
2575,3,4
114795,3,2
73290,3,3
90430,3,3
4815,3,4
71518,3,3
41573,3,3
142997,3,2
2436,3,4
102880,3,2
160718,3,2
169864,3,1
2891,3,4
2442,3,4
5803,3,3
650,3,4
7150,3,3
103539,3,2
2807,3,4
95105,3,2
132796,3,2
61729,3,3
75985,3,3
162350,3,2
65802,3,3
62394,3,3
37384,3,3
90600,3,3
47640,3,3
8526,3,3
205,3,4
4265,3,4
4030,3,4
79553,3,3
7235,3,4
122898,3,1
1503,3,4
159415,3,2
1554,3,4
5389,3,3
8974,3,3
6954,3,3
71,3,4
2618,3,4
51091,3,3
158783,3,2
312,3,4
167746,3,1
140247,3,2
7362,3,3
7376,3,3
111743,3,2
5480,3,3
113378,3,2
53460,3,3
58303,3,3
3238,3,4
58105,3,3
157699,3,2
1445,3,4
5941,3,3
54256,3,3
5107,3,3
72,3,4
108727,3,2
173291,3,1
2443,3,4
136562,3,2
32598,3,3
120635,3,2
176419,3,1
8604,3,4
1783,4,4
710,4,4
166946,3,2
155,4,4
130073,3,2
46062,3,3
7381,3,3
30,4,4
77800,3,3
50685,3,3
49772,4,3
96281,3,2
6290,3,3
3125,4,4
6566,4,3
6291,4,3
5323,4,4
74228,3,3
159858,3,2
3051,4,4
55444,4,3
132480,4,2
2026,4,4
82852,4,3
1660,4,4
96691,4,2
40581,4,3
51931,4,3
2611,4,4
3799,4,4
142448,4,2
127108,4,2
74685,4,3
8827,4,5
7925,4,6
271,4,4
46967,4,3
2356,4,4
8581,4,4
1498,4,4
95207,4,2
33158,4,3
112897,4,2
178061,4,1
3946,4,4
700,4,4
4649,4,4
8477,4,6
4899,4,4
78,4,4
175661,4,1
2836,4,4
6263,4,3
1192,4,5
93831,4,2
2195,4,4
78088,4,3
62644,4,3
66665,4,3
44828,4,3
100498,4,2
73015,4,3
68,4,4
3538,4,4
112804,4,2
179,4,4
107771,4,2
80831,4,3
56607,4,3
2171,4,4
2888,4,4
67788,4,3
74275,4,3
3598,4,4
691,4,4
26903,4,4
106441,4,2
117444,4,2
89039,4,3
134170,4,2
2561,4,4
2331,4,4
1794,4,4
122902,4,2
177763,4,1
6959,4,3
192389,4,1
116977,4,2
4231,4,4
3908,4,4
90717,4,3
88235,4,3
80860,4,3
59103,4,3
74450,4,3
152017,4,2
130520,4,2
44788,4,3
1809,4,4
60760,4,3
118997,4,2
5269,4,4
6322,4,3
96110,4,2
160271,4,2
5506,4,3
6379,4,3
173941,4,1
1468,4,4
92422,4,2
77307,4,3
90522,4,3
45442,4,3
90345,4,3
65585,4,3
26729,4,5
93272,4,2
3470,4,5
6887,4,3
1699,4,4
5316,4,4
95558,4,2
3992,4,4
6624,4,3
141866,4,2
96432,4,2
2500,4,4
135137,4,2
78316,4,3
8916,4,3
7836,4,6
4727,4,4
93270,4,2
116799,4,2
117881,4,2
54281,4,3
75805,4,3
697,4,4
80615,4,3
3145,4,4
58347,4,3
99145,4,2
192385,4,1
7369,4,3
67267,4,3
116161,4,2
6591,4,3
110501,4,2
5329,4,3
4383,4,4
52241,4,3
3515,4,4
2169,4,4
2920,4,6
7587,4,6
118,4,4
1365,4,4
106438,4,2
59018,4,3
103883,4,2
95873,4,2
33903,4,3
6062,4,3
69604,4,3
113348,4,2
1623,4,4
70728,4,3
1806,4,4
1667,4,4
3190,4,4
6777,4,6
43871,4,3
49932,4,3
3554,4,4
82667,4,3
49824,4,3
6985,4,6
58162,4,3
59258,4,3
34336,4,3
72129,4,3
66371,4,3
80126,4,3
162082,4,2
2154,4,4
156387,4,2
105468,4,2
30820,4,3
128838,4,2
27156,4,4
47122,4,3
3324,4,4
3955,4,4
5385,4,5
6902,4,3
136018,4,2
106491,4,2
5106,4,3
179817,4,1
4380,4,4
2540,4,4
2027,4,4
96655,4,2
115170,4,2
5391,4,4
5325,4,4
47644,4,3
747,4,4
4732,4,4
4452,4,4
4267,4,4
4031,4,4
113,4,4
4770,4,4
6763,4,3
72294,4,3
78266,4,3
6820,4,4
71205,4,3
4741,4,4
180095,4,1
133645,4,2
5421,4,3
1827,4,4
92509,4,2
136016,4,2
131013,4,2
44709,4,3
161922,4,2
5092,4,3
65188,4,3
102033,4,2
1897,4,4
170697,4,1
2546,4,4
4304,4,4
162602,4,2
1875,4,4
4158,4,4
1113,4,4
1863,4,4
6643,4,6
73319,4,3
85412,4,3
6695,4,3
50442,4,3
96606,4,3
93766,4,2
55069,4,3
101076,4,2
190,4,4
143347,4,1
325,4,4
5477,4,4
7700,4,6
80166,4,3
34153,4,3
5051,4,4
86835,4,3
3569,4,4
1484,4,4
108981,4,2
7348,4,3
4021,4,4
180297,4,1
51834,4,3
2978,4,4
217,4,4
2166,4,4
87,4,4
55094,4,3
26150,4,6
61250,4,3
139642,4,2
2385,4,4
6958,4,3
74688,4,3
52579,4,3
2306,4,4
182823,4,1
4345,4,4
72167,4,3
2882,4,4
5363,4,3
7375,4,3
54372,4,3
58301,4,3
47810,4,3
5792,4,3
87304,4,3
2828,4,4
99728,4,2
81417,4,3
5094,4,3
108928,4,2
3287,4,4
250,4,4
80917,4,3
3865,4,4
2587,4,4
3182,4,4
4432,4,6
8908,4,3
135141,4,2
115231,4,2
2170,4,4
2310,4,4
55245,4,3
1465,4,4
1686,4,4
180045,4,1
5074,4,4
176751,4,1
187031,4,1
71108,4,3
180985,4,1
80551,4,3
63479,4,3
2165,4,4
4298,4,6
160954,4,2
4450,4,4
4305,4,4
71462,4,3
202429,4,1
110591,4,2
43919,4,3
3581,4,4
194951,4,1
158813,4,2
3225,4,4
135426,4,1
3326,4,4
97172,4,2
835,4,4
57532,4,3
64993,4,3
2498,4,4
167036,4,2
72380,4,3
88179,4,3
34271,4,3
4699,4,4
60487,4,6
54276,4,3
45928,4,3
1904,4,4
6013,4,3
114060,4,2
5282,4,3
118700,4,2
4745,4,4
187,4,4
59333,4,3
990,4,4
127152,4,2
88785,4,3
1105,4,4
152079,4,2
93805,4,2
5379,4,4
71252,4,3
66198,4,3
3325,4,4
2563,4,4
189363,4,1
162598,4,2
71668,4,3
4153,4,4
73929,4,3
174909,4,1
170875,4,1
86548,4,3
101285,4,2
6862,4,3
57951,4,3
7255,4,3
85022,4,3
117851,4,2
668,4,6
343,4,4
85881,4,3
101739,4,2
98056,4,2
1605,4,4
55,4,4
111384,4,2
1629,4,4
5501,4,3
141749,4,2
1598,4,4
80590,4,3
2491,4,4
51939,4,3
5387,4,3
692,4,4
91978,4,2
41863,4,3
91126,4,3
6536,4,3
177689,4,1
85438,4,3
115664,4,2
27727,4,3
72405,4,3
62293,4,3
104272,4,2
47491,4,3
2272,4,4
86142,4,3
126548,4,2
2629,4,4
5127,4,3
49910,4,3
55274,4,3
2691,4,4
39414,4,3
3415,4,5
1606,4,4
2280,4,4
53207,4,3
85401,4,3
8369,4,3
138210,4,2
95449,4,2
6619,4,3
1919,4,4
1900,4,4
140711,4,2
4224,4,4
135518,4,2
3286,4,4
167370,4,2
2548,4,4
99117,4,2
127198,4,2
64197,4,3
103984,4,2
32460,4,4
55999,4,3
86295,4,3
96417,4,2
5298,4,4
1167,4,4
139855,4,2
56333,4,3
88812,4,3
3299,4,4
1355,4,4
1731,4,4
110586,4,2
81156,4,3
51925,4,3
2801,4,4
31660,4,3
58107,4,3
87529,4,3
101088,4,2
177651,4,1
45208,4,3
112421,4,2
75341,4,3
74948,4,3
101025,4,2
7926,4,6
188189,4,1
48520,4,3
46974,4,3
45662,4,3
99917,4,2
105593,4,2
4422,4,5
731,4,4
240,4,4
3858,4,4
104074,4,2
45062,4,3
6014,4,3
998,4,4
165101,4,2
4845,4,4
103655,4,2
165347,4,2
138208,4,2
37240,4,3
6484,4,3
1398,4,4
69606,4,3
92938,4,3
63033,4,3
3895,4,4
1646,4,4
58297,4,3
2437,4,4
5523,4,3
3794,4,4
3224,4,6
34528,4,3
104908,4,2
114847,4,2
91622,4,3
156726,4,2
33683,4,3
27674,4,3
81535,4,3
77427,4,3
27741,4,3
140523,4,2
77846,4,4
6587,4,3
882,4,4
5879,4,3
3747,4,4
2624,4,4
94896,4,3
168344,4,1
128512,4,2
181315,4,1
4723,4,4
53435,4,3
808,4,4
184471,4,1
54771,4,3
45028,4,3
3915,4,4
89761,4,3
3990,4,4
6332,4,3
141890,4,2
52644,4,3
62344,4,3
8492,4,6
1855,4,4
71106,4,3
1604,4,4
54732,4,3
1804,4,4
670,4,6
31694,4,3
103048,4,2
95720,4,2
102720,4,2
91890,4,3
95311,4,3
1526,4,4
161580,4,2
111617,4,2
6818,4,5
1497,4,4
50806,4,3
100556,4,2
81819,4,3
8019,4,3
85397,4,3
65685,4,3
200818,4,1
101577,4,2
97860,4,2
3078,4,4
7619,4,6
81784,4,3
143657,4,2
61262,4,3
58376,4,3
99910,4,2
89030,4,3
5890,4,4
1475,4,4
4068,4,4
1054,4,4
47894,4,3
168418,4,1
5570,4,4
1352,4,4
2445,4,4
3943,4,4
5611,4,3
170827,4,1
4989,4,4
32898,4,6
1454,4,4
156609,4,2
6063,4,3
1427,4,4
3857,4,4
4055,4,4
49793,4,3
42009,4,3
8912,4,3
79720,4,3
26082,4,6
61352,4,3
3327,4,4
71500,4,3
4756,4,4
2492,4,4
115680,4,2
94266,4,2
8491,4,6
72605,4,3
68269,4,3
2570,4,4
3901,4,4
78041,4,3
43376,4,3
5685,4,3
130576,4,2
6950,4,3
1626,4,4
58315,4,3
88672,4,3
6219,4,3
172547,4,1
2769,4,4
3008,4,4
78174,4,3
160563,4,2
6567,4,4
4381,4,4
90719,4,3
1410,4,4
192283,4,1
62113,4,3
4334,4,4
2996,4,4
48518,4,3
26471,4,5
2682,4,4
1609,4,4
1841,4,4
1535,4,4
113453,4,2
61123,4,3
62203,4,3
72489,4,3
149352,4,2
33672,4,3
141688,4,2
73211,4,3
5476,4,3
105731,4,2
1881,4,4
4888,4,4
1495,4,4
77364,4,3
71450,4,3
85179,4,3
1655,4,4
192379,4,1
70305,4,3
1417,4,4
112911,4,2
59016,4,3
166,4,4
86892,4,3
101741,4,2
55253,4,3
44840,4,3
74154,4,3
209,4,4
3736,4,6
8157,4,4
4077,4,4
4143,4,4
5609,4,3
1703,4,4
83480,4,3
27193,4,4
1442,4,4
6770,4,3
2275,4,4
74416,4,3
61401,4,3
94015,4,2
78218,4,3
104457,4,3
8836,4,3
5046,4,4
8362,4,3
109850,4,2
4233,4,4
4775,4,4
167018,4,2
53468,4,3
179119,4,1
155064,4,2
94985,4,2
5081,4,4
67193,4,3
6252,4,3
89840,4,3
1816,4,4
137337,4,2
1670,4,4
87483,4,3
44204,4,3
65982,4,3
69275,4,3
142509,4,2
62437,4,3
144976,4,2
72701,4,3
2774,4,4
95201,4,2
69712,4,3
113275,4,2
82095,4,3
3038,4,6
6790,4,4
90469,4,3
5678,4,4
116887,4,2
114552,4,2
88932,4,3
104337,4,2
143345,4,1
8620,4,6
62733,4,3
46850,4,3
840,4,4
1844,4,4
183421,4,1
97866,4,2
67695,4,3
152,4,4
1550,4,4
71248,4,3
102684,4,2
6433,4,6
73854,4,6
8815,4,3
118898,4,2
118985,4,2
49647,4,3
3822,4,4
5680,4,3
31698,4,3
6660,4,6
68347,4,3
8125,4,6
38,4,4
74532,4,3
100302,4,2
59014,4,3
135532,4,2
3115,4,4
115667,4,2
103755,4,2
165603,4,2
1647,4,4
2435,4,4
93563,4,2
36537,4,3
55080,4,3
82854,4,3
4640,4,4
58306,4,3
6196,4,3
6216,4,4
101895,4,2
7820,4,6
2725,4,4
55272,4,3
54775,4,3
197175,4,1
133195,4,2
56885,4,3
50005,4,3
5525,4,4
91842,4,2
27912,4,3
7316,4,3
79879,4,3
100527,4,2
76173,4,3
1621,4,4
54780,4,3
5348,4,3
145418,4,2
68659,4,3
3909,4,4
94405,4,2
3743,4,4
2625,4,4
62912,4,3
175197,4,1
43558,4,3
136598,4,2
7448,4,3
97936,4,2
1404,4,4
83369,4,3
5563,4,3
112940,4,2
8833,4,3
55261,4,3
173925,4,1
3453,4,4
143367,4,2
4774,4,3
4024,4,4
4166,4,4
114762,4,2
1601,4,4
5450,4,4
5670,4,3
113225,4,2
2314,4,4
5527,4,3
27700,4,3
6927,4,3
138702,4,2
83086,4,3
25750,4,6
91325,4,3
73808,4,3
59995,4,3
114713,4,2
113829,4,2
8012,4,4
2446,4,4
1739,4,4
100083,4,2
176929,4,1
77798,4,3
2721,4,4
184253,4,1
129937,4,2
1581,4,4
1654,4,4
93443,4,3
103137,4,2
157340,4,2
47465,4,3
219,4,4
3571,4,4
885,4,4
8800,4,3
112868,4,2
1661,4,4
164981,4,2
6493,4,3
112788,4,2
1447,4,4
143365,4,1
71466,4,3
127096,4,2
173369,4,1
2131,4,5
81018,4,3
2585,4,4
2974,4,4
61697,4,3
6215,4,3
2975,4,4
1856,4,4
47970,4,3
1755,4,4
183,4,4
106330,4,2
72393,4,3
1545,4,4
40412,4,3
51927,4,3
113604,4,2
90374,4,3
50802,4,3
70533,4,3
80862,4,3
3055,4,4
8656,4,5
80586,4,3
254,4,4
2607,4,4
7845,4,4
61465,4,3
90576,4,3
152063,4,2
104863,4,2
156605,4,2
50160,4,3
1397,4,4
109187,4,2
1757,4,4
6946,4,3
27397,4,4
3720,4,4
95761,4,3
59141,4,3
603,4,4
76091,4,3
142222,4,2
4898,4,4
72171,4,3
56389,4,3
58490,4,3
3127,4,4
60333,4,3
135288,4,2
6750,4,3
2425,4,4
2590,4,4
159717,4,2
134214,4,2
104925,4,2
3956,4,4
174727,4,1
4168,4,4
5483,4,3
105835,4,2
27020,4,4
61348,4,3
1684,4,4
3046,4,4
5625,4,3
128620,4,2
88356,4,3
4644,4,4
157200,4,2
6280,4,3
77201,4,3
109483,4,2
74868,4,3
151739,4,2
7169,4,3
68194,4,3
7450,4,3
60647,4,3
148172,4,2
3989,4,4
2386,4,4
4141,4,4
58975,4,3
6265,4,3
33639,4,3
51937,4,3
81512,4,3
2714,4,4
42197,4,3
170813,4,1
184399,4,1
4736,4,4
1887,4,4
104312,4,2
4885,4,4
151455,4,2
104303,4,2
803,4,4
106062,4,2
90403,4,3
44864,4,3
148888,4,2
51698,4,3
149354,4,2
764,4,4
7048,4,4
3457,4,4
158528,4,2
32892,4,6
100108,4,2
74624,4,3
62250,4,3
6220,4,3
77540,4,3
79796,4,3
241,4,4
68932,4,3
5686,4,3
184997,4,1
638,4,4
67665,4,3
114028,4,2
67867,4,3
5888,4,4
7142,4,3
4146,4,4
66798,4,3
108156,4,2
96815,4,2
143245,4,2
8959,4,3
89190,4,3
31437,4,3
3117,4,4
40414,4,3
869,4,4
1456,4,4
82152,4,3
160567,4,2
893,4,4
92008,4,3
144620,4,2
33779,4,4
158830,4,2
27368,4,3
74668,4,3
55553,4,3
47124,4,3
68941,4,3
89085,4,3
109846,4,2
99437,4,2
185585,4,1
74916,4,3
806,4,4
6909,4,3
48591,4,3
114554,4,2
159193,4,2
42732,4,3
104218,4,2
167640,4,2
190939,4,1
183635,4,1
51884,4,3
81158,4,3
5633,4,3
4373,4,4
53974,4,3
34321,4,3
47952,4,3
80,4,4
61986,4,3
80839,4,3
49347,4,3
2844,4,4
5498,4,6
117466,4,2
103606,4,2
33896,4,3
48560,4,3
58655,4,3
7939,4,6
166705,4,2
52967,4,3
5573,4,3
7320,4,3
93740,4,3
26974,4,4
89343,4,3
90890,4,3
167832,4,2
3511,4,4
4738,4,4
8199,4,6
71304,4,3
7767,4,3
685,4,4
5665,4,4
1733,4,4
71429,4,3
142536,4,2
113780,4,2
44759,4,3
6868,4,3
66783,4,3
100487,4,2
188797,4,1
7319,4,3
1839,4,4
39869,4,3
4743,4,4
56169,4,3
988,4,4
97836,4,2
156607,4,2
5080,4,3
101360,4,2
8582,4,4
4229,4,4
7449,4,3
132424,4,2
60293,4,3
55250,4,3
8605,4,3
4771,4,4
179881,4,1
7294,4,3
74698,4,3
57910,4,3
76079,4,3
5529,4,3
2271,4,4
6687,4,3
160565,4,2
54962,4,3
170945,4,1
3945,4,4
8576,4,3
160571,4,2
2894,4,4
79251,4,3
60943,4,3
4765,4,4
103624,4,2
6885,4,3
65577,4,3
3357,4,4
2168,4,4
2885,4,4
66785,4,3
2708,4,4
43460,4,3
152091,4,2
37475,4,3
162322,4,2
6611,4,6
145839,4,2
4142,4,4
5451,4,3
164175,4,2
174585,4,1
61026,4,3
84942,4,3
1860,4,4
76030,4,3
176933,4,1
1791,4,4
178827,4,1
779,4,4
165141,4,2
45106,4,3
6542,4,3
67508,4,3
55451,4,3
3975,4,4
7071,4,5
6298,4,3
106841,4,2
39400,4,3
2295,4,4
7932,4,4
106785,4,2
72386,4,3
1756,4,4
53189,4,3
6872,4,3
94325,4,2
81641,4,3
110655,4,2
5485,4,3
7379,4,3
91134,4,3
7938,4,6
189041,4,1
164821,4,2
148956,4,2
3306,4,6
3787,4,4
49220,4,3
152083,4,2
169982,4,1
1837,4,4
2029,4,4
8239,4,6
6374,4,3
44225,4,3
1631,4,4
144482,4,2
47950,4,3
57526,4,3
5999,4,4
183011,4,1
156371,4,2
64499,4,3
64997,4,3
2597,4,4
1596,4,4
47721,4,6
104881,4,2
118896,4,2
50514,4,3
2931,4,5
170403,4,1
58627,4,3
8235,4,6
57147,4,3
5820,4,3
5994,4,3
186587,4,1
111235,4,2
118082,4,2
77667,4,3
103801,4,2
118880,4,2
55241,4,3
201588,4,1
130636,4,2
1746,4,4
7258,4,3
33681,4,3
42018,4,3
1582,4,4
55284,4,3
5515,4,4
164200,4,2
45183,4,3
1114,4,4
813,4,4
3906,4,4
2835,4,4
40946,4,3
166558,4,2
6344,4,4
45221,4,3
122884,4,2
86293,4,3
96,4,4
61705,4,3
40962,4,3
1744,4,4
8532,4,3
60941,4,3
81791,4,3
27416,4,4
31431,4,3
1859,4,4
5069,4,4
93475,4,3
2893,4,4
2609,4,4
8684,4,6
59731,4,3
44633,4,3
101415,4,2
74750,4,3
155820,4,2
91414,4,3
7374,4,3
26003,4,6
70208,4,3
3563,4,4
173197,4,1
8011,4,3
228,4,4
65882,4,3
38992,4,3
160289,4,2
85796,4,3
4782,4,4
8869,4,3
1824,4,4
870,4,4
1546,4,4
5458,4,3
7377,4,3
155509,4,2
50162,4,3
161127,4,2
84615,4,3
5297,4,4
54787,4,3
47725,4,3
7345,4,3
138212,4,2
42013,4,3
2962,4,4
55167,4,3
7541,4,4
157122,4,2
1624,4,4
61071,4,3
168330,4,1
113252,4,2
7486,4,4
58332,4,3
1489,4,4
1869,4,4
165937,4,2
3898,4,4
168498,4,2
6509,4,5
49284,4,3
3002,4,4
101283,4,2
2481,4,4
38095,4,3
53161,4,3
7382,4,3
163985,4,2
5073,4,4
86817,4,3
98122,4,2
119655,4,2
3539,4,4
51705,4,3
2681,4,4
4721,4,4
101973,4,2
54745,4,3
8327,4,3
46855,4,6
6268,4,3
46865,4,3
145935,4,2
4240,4,4
8943,4,3
81132,4,3
87522,4,3
4788,4,5
6483,4,3
91079,4,3
60516,4,3
131656,4,2
8516,4,6
51088,4,3
82767,4,3
46337,4,3
60408,4,3
104339,4,2
202,4,4
109633,4,2
7759,4,5
6341,4,3
6243,4,4
5787,4,3
6159,4,3
78467,4,3
109864,4,2
7364,4,3
136602,4,2
26947,4,4
73587,4,3
78264,4,3
195163,4,1
6596,4,3
74370,4,3
168712,4,1
88954,4,3
3064,4,4
64231,4,3
177237,4,1
67186,4,3
89047,4,3
41527,4,3
188749,4,1
166568,4,2
99764,4,2
6339,4,3
63222,4,3
52283,4,3
192307,4,1
72741,4,3
139415,4,2
92681,4,2
75395,4,3
85025,4,3
6702,4,3
161966,4,2
120138,4,2
33138,4,3
69529,4,3
76763,4,3
162590,4,2
4389,4,4
100810,4,2
94953,4,2
56563,4,3
175485,4,1
3559,4,6
3320,4,4
94833,4,2
43744,4,3
92694,4,3
43419,4,3
2062,4,4
62792,4,3
55555,4,3
54734,4,3
98604,4,3
5095,4,4
158972,4,2
132660,4,2
167738,4,1
114074,4,2
48319,4,3
1826,4,4
72479,4,3
175585,4,1
4341,4,4
62439,4,3
196417,4,1
43904,4,3
87867,4,3
2516,4,4
93498,4,2
70206,4,3
52456,4,3
50923,4,3
85394,4,3
2977,4,4
6884,4,3
7846,4,4
128520,4,2
80864,4,3
6751,4,3
96616,4,2
47937,4,3
131796,4,2
135534,4,2
3509,4,4
2842,4,4
27604,4,4
4154,4,4
1854,4,4
58806,4,3
2621,4,4
70697,4,3
3456,4,4
96751,4,2
45003,4,3
106540,4,2
8831,4,3
5462,4,3
195777,4,1
7257,4,3
335,4,4
93982,4,2
200540,4,1
3597,4,4
127114,4,2
2237,4,4
151639,4,2
4646,4,4
160569,4,2
72165,4,3
191351,4,1
72919,4,3
93297,4,2
92439,4,3
26578,4,5
1650,4,4
109569,4,2
178667,4,1
1472,4,4
6772,4,3
4390,4,4
165103,4,2
170957,4,1
110968,4,2
105755,4,2
6869,4,3
134881,4,2
113705,4,2
56915,4,3
166788,4,2
59985,4,3
114670,4,2
109895,4,2
55955,4,3
96911,4,2
74580,4,3
4350,4,4
5663,4,3
1351,4,4
2965,4,4
73168,4,3
91628,4,3
6918,4,6
179085,4,1
3823,4,4
167544,4,2
3718,4,4
3454,4,4
84189,4,3
107314,4,2
7976,4,3
6768,4,3
90524,4,3
69069,4,3
116397,4,2
188773,4,1
4151,4,4
114494,4,2
89305,4,3
194400,4,1
5825,4,6
108689,4,2
2559,4,4
152591,4,2
5059,4,4
61255,4,3
134528,4,2
157318,4,2
8799,4,3
8864,4,3
71619,4,3
52462,4,3
2886,4,4
40955,4,3
114601,4,2
179133,4,1
80094,4,3
59143,4,3
65868,4,3
184721,4,1
164367,4,2
50011,4,3
632,4,4
65596,4,3
92192,4,3
67799,4,3
3289,4,4
5949,4,4
2007,4,4
159061,4,2
48416,4,3
32011,4,3
8117,4,4
27608,4,3
50064,4,3
31435,4,3
48872,4,3
1507,4,4
130452,4,2
48161,4,3
8930,4,3
50445,4,3
3010,4,4
34536,4,3
48698,4,3
84844,4,4
2697,4,4
86852,4,3
60609,4,3
107883,4,2
142420,4,2
6186,4,3
91323,4,3
65133,4,4
1870,4,4
49957,4,3
6668,4,4
1406,4,4
27338,4,4
3180,4,4
77421,4,3
194004,4,1
125914,4,2
62553,4,3
2630,4,4
114439,4,2
45175,4,3
1771,4,4
80350,4,3
7299,4,3
82463,4,3
82499,4,3
43708,4,3
176935,4,1
38159,4,5
175199,4,1
36397,4,3
2499,4,4
3158,4,4
3746,4,4
80241,4,3
2482,4,4
71670,4,3
2610,4,4
75813,4,3
27722,4,3
2483,4,4
97057,4,2
57183,4,3
201,4,4
6703,4,3
7175,4,3
3118,4,4
57243,4,3
8911,4,3
251,4,4
48678,4,3
50954,4,3
7321,4,3
80222,4,3
6222,4,4
95307,4,2
55732,4,3
2440,4,4
3855,4,4
4325,4,6
130448,4,2
151113,4,2
1413,4,4
5629,4,3
84952,4,3
4849,4,4
52668,4,3
89837,4,3
52606,4,3
191367,4,1
51037,4,3
4273,4,4
85213,4,3
97870,4,2
148,4,4
703,4,4
48856,4,3
82143,4,3
95058,4,2
6705,4,3
4028,4,4
52806,4,3
70984,4,3
6335,4,3
86628,4,3
4965,4,4
117867,4,2
4404,4,6
81191,4,3
33585,4,3
100244,4,2
6667,4,4
44197,4,3
80185,4,3
2339,4,4
70862,4,3
128975,4,2
45503,4,3
96693,4,2
3892,4,4
55071,4,3
3830,4,4
2276,4,4
59810,4,3
176801,4,1
1463,4,4
3914,4,4
1477,4,4
5516,4,4
114007,4,2
5011,4,4
114678,4,2
57326,4,3
178521,4,1
77191,4,3
73000,4,3
6882,4,3
27032,4,4
70663,4,3
52712,4,3
8535,4,3
159195,4,2
1523,4,4
77837,4,3
133802,4,2
64701,4,3
110110,4,2
4371,4,4
7261,4,3
44613,4,3
130450,4,2
143969,4,2
7352,4,3
50800,4,3
185473,4,1
187501,4,1
31162,4,3
43333,4,3
120637,4,2
110453,4,2
43932,4,3
6710,4,3
71327,4,3
167380,4,1
8809,4,3
6598,4,3
6300,4,4
1496,4,4
6193,4,3
4160,4,4
2589,4,4
104078,4,2
55286,4,3
3241,4,4
3596,4,4
57464,4,3
95199,4,2
58972,4,3
51694,4,3
52717,4,3
71823,4,3
52460,4,3
56274,4,3
81516,4,3
200306,4,1
867,4,4
134783,4,2
1525,4,4
68486,4,3
3150,4,4
81257,4,3
4405,4,6
61246,4,3
65465,4,3
132961,4,2
140816,4,2
179221,4,1
34148,4,3
169900,4,2
65193,4,3
98239,4,2
4900,4,4
195161,4,1
1439,4,4
3338,4,5
1880,4,4
65418,4,3
8044,4,6
36289,4,4
74944,4,3
55176,4,3
85354,4,3
34198,4,3
4053,4,4
52375,4,3
188309,4,1
189783,4,1
96567,4,2
155659,4,2
166492,4,2
141004,4,2
2196,4,4
79897,4,3
634,4,4
4847,4,4
63826,4,3
132157,4,2
164949,4,2
110675,4,2
4217,4,4
6898,4,3
8667,4,3
142422,4,2
1490,4,4
4035,4,4
143387,4,1
72131,4,3
70994,4,3
139655,4,2
149830,4,2
2557,4,4
4169,4,4
74787,4,3
133798,4,2
65601,4,3
7453,4,3
94931,4,3
112582,4,2
1055,4,4
4312,4,4
80858,4,3
99750,4,2
160573,4,2
101612,4,2
82534,4,3
110809,4,2
6485,4,3
65813,4,3
27618,4,3
140713,4,2
187505,4,1
142507,4,2
1798,4,4
6789,4,4
6545,4,3
2573,4,4
69253,4,3
7297,4,3
30818,4,3
162478,4,2
32657,4,5
92391,4,3
129659,4,2
2479,4,4
1312,4,4
5677,4,3
87194,4,3
98361,4,2
27408,4,3
112087,4,2
148652,4,2
91660,4,3
1846,4,4
5373,4,6
2979,4,4
58964,4,3
109740,4,2
161354,4,2
83910,4,3
66200,4,3
50274,4,3
45361,4,3
93287,4,3
96857,4,2
3974,4,4
5258,4,4
96612,4,2
220,4,4
76111,4,3
66130,4,3
5112,4,4
6592,4,3
90343,4,3
92309,4,3
58191,4,3
183619,4,1
5818,4,3
3719,4,4
58078,4,3
77206,4,3
69516,4,3
97701,4,2
159441,4,2
196891,4,1
27441,4,4
6896,4,5
91199,4,3
95135,4,3
3854,4,4
84273,4,3
6549,4,3
193147,4,1
92058,4,3
88267,4,3
59709,4,3
34552,4,3
63393,4,3
42217,4,6
8188,4,6
105037,4,2
100737,4,2
104245,4,2
3276,4,4
62265,4,3
103315,4,2
3579,4,4
53921,4,3
59256,4,3
59594,4,3
86815,4,3
182825,4,1
165105,4,2
130087,4,2
44731,4,3
162828,4,2
8459,4,6
2711,4,4
141544,4,2
103483,4,2
27685,4,3
78703,4,3
3128,4,4
112334,4,2
27434,4,3
5682,4,4
4259,4,4
4313,4,4
96150,4,2
81804,4,3
55901,4,3
177497,4,1
5951,4,3
7372,4,3
89480,4,3
80398,4,3
49528,4,3
7562,4,4
59220,4,3
46347,4,3
2341,4,4
4645,4,4
1539,4,4
7365,4,3
101997,4,2
82041,4,3
74488,4,3
72696,4,3
54910,4,3
31689,4,3
1669,4,4
6568,4,3
142492,4,2
8946,4,3
89072,4,3
7260,4,3
130840,4,2
102819,4,2
27563,4,4
90578,4,3
3790,4,4
1668,4,4
5636,4,3
96917,4,2
26524,4,5
2626,4,4
3626,4,4
4266,4,4
92920,4,3
8813,4,3
98373,4,2
105869,4,2
95067,4,2
79860,4,3
148238,4,2
4758,4,4
2884,4,4
84613,4,3
3862,4,4
1902,4,4
78729,4,3
70361,4,3
97950,4,2
4237,4,4
84950,4,3
38600,4,3
160848,4,2
170629,4,1
8639,4,3
171759,4,1
34164,4,3
115147,4,2
96314,4,2
112497,4,2
27584,4,3
200820,4,1
2964,4,4
194348,4,1
96121,4,2
105769,4,2
43556,4,3
86000,4,3
78679,4,3
1529,4,4
127146,4,2
91386,4,3
4454,4,4
106889,4,2
32582,4,3
103727,4,2
183613,4,1
3537,4,4
110297,4,2
49276,4,3
203222,4,1
71325,4,3
8782,4,3
91690,4,3
101137,4,2
49132,4,3
3446,4,4
63540,4,3
51660,4,3
54686,4,3
201586,4,1
5443,4,3
176937,4,1
987,4,4
88118,4,3
129428,4,2
197537,4,1
2765,4,4
194396,4,1
8578,4,3
152061,4,2
115534,4,2
100745,4,2
155874,4,2
63515,4,3
4996,4,4
143476,4,2
90528,4,3
99957,4,2
39307,4,3
111375,4,2
67620,4,3
135530,4,2
1829,4,4
205383,4,1
193449,4,1
8918,4,3
3912,4,4
6935,4,3
159917,4,2
49422,4,3
51174,4,3
145150,4,2
162738,4,2
60832,4,3
113188,4,2
77843,4,3
59306,4,3
140162,4,2
81456,4,3
3797,4,4
134849,4,6
179331,4,1
127130,4,2
4164,4,4
127140,4,2
2493,4,4
53002,4,3
25963,4,6
2809,4,4
127212,4,2
6067,4,4
113240,4,2
1671,4,4
3795,4,4
173209,4,1
4772,4,4
2342,4,4
49526,4,3
88108,4,3
163937,4,2
168608,4,1
61289,4,3
68959,4,3
6981,4,6
1696,4,4
173205,4,1
116855,4,2
141422,4,2
8862,4,3
90943,4,3
187723,4,1
117549,4,2
137595,4,2
96565,4,2
100581,4,2
60948,4,3
92264,4,2
7165,4,3
1867,4,4
141408,4,2
73860,4,3
5684,4,3
992,4,4
1502,4,4
144606,4,3
103366,4,2
27402,4,4
5605,4,4
135885,4,2
6547,4,3
127196,4,2
53466,4,3
4850,4,4
139747,4,2
50842,4,3
27689,4,3
89002,4,3
68536,4,4
128606,4,2
1117,4,4
130075,4,2
90645,4,3
82093,4,3
51357,4,4
3518,4,4
57520,4,3
187601,4,1
5423,4,4
86059,4,3
112946,4,2
2767,4,4
70451,4,3
3884,4,4
130686,4,2
83302,4,3
65435,4,3
89535,4,3
157338,4,2
180231,4,1
5526,4,4
65567,4,3
53140,4,3
87079,4,3
87660,4,3
3903,4,4
161956,4,2
127136,4,2
142456,4,2
3756,4,4
5390,4,4
151315,4,2
79798,4,3
92243,4,3
166291,4,2
33564,4,6
60141,4,3
4822,4,4
118246,4,2
201749,4,1
59738,4,3
184987,4,1
4871,4,4
1565,4,4
42958,4,3
4256,4,4
49,4,4
60939,4,3
8982,4,3
2620,4,4
1324,4,4
129370,4,2
2128,4,4
993,4,4
157312,4,2
47261,4,3
3620,4,4
27716,4,3
128488,4,2
31700,4,3
81786,4,3
26965,4,4
5448,4,3
167392,4,2
140529,4,2
162594,4,2
197203,4,1
164411,4,2
52321,4,3
3514,4,4
5272,4,4
79590,4,3
177607,4,1
169670,4,2
46559,4,3
89074,4,3
106030,4,2
5990,4,3
109191,4,2
94969,4,2
62718,4,3
54274,4,3
89900,4,3
94813,4,2
60363,4,3
49312,4,3
73804,4,3
68963,4,3
47202,4,3
1814,4,4
72762,4,3
103279,4,2
53326,4,3
67252,4,3
5482,4,3
101498,4,2
2577,4,4
4347,4,4
201368,4,1
27005,4,4
82244,4,3
72694,4,3
98607,4,3
7199,4,3
25764,4,6
66427,4,3
27391,4,3
55288,4,3
27186,4,4
4268,4,4
57536,4,3
95567,4,2
105742,4,2
86884,4,3
62137,4,3
3839,4,4
42163,4,5
2103,4,4
102088,4,2
5170,4,3
77240,4,3
76317,4,3
2562,4,4
55116,4,3
31309,4,6
197199,4,1
1728,4,4
89028,4,3
1473,4,4
66304,4,3
111387,4,2
5829,4,3
99574,4,2
169764,4,2
100326,4,2
139857,4,2
103027,4,2
83270,4,3
1767,4,4
184931,4,1
57538,4,3
157361,4,2
26366,4,5
7936,4,6
27373,4,4
158260,4,2
112070,4,2
184023,4,1
4852,4,4
6325,4,3
68324,4,3
65810,4,3
27022,4,4
118354,4,2
99470,4,2
6057,4,3
49282,4,3
61210,4,3
112450,4,2
8955,4,3
8134,4,3
191459,4,1
54290,4,3
5947,4,3
6571,4,3
8859,4,3
97311,4,3
5815,4,3
68519,4,3
62799,4,3
54278,4,3
127116,4,2
82173,4,3
32025,4,3
93164,4,3
5817,4,3
1812,4,4
4806,4,6
112727,4,2
8485,4,4
115824,4,2
67429,4,3
114033,4,2
131714,4,2
27704,4,3
2913,4,4
56165,4,3
87785,4,3
55020,4,3
67073,4,3
8527,4,3
56079,4,3
7437,4,3
59715,4,3
78034,4,3
174815,4,1
48262,4,3
96430,4,2
8835,4,3
27664,4,3
27178,4,4
130956,4,2
180987,4,1
111778,4,2
48598,4,3
91571,4,3
109072,4,2
47978,4,3
2305,4,4
50447,4,3
4242,4,4
64114,4,3
72176,4,3
37495,4,3
69324,4,3
52448,4,3
41724,4,3
1000,4,4
187613,4,1
43684,4,3
168288,4,2
6329,4,4
4872,4,4
25753,4,6
88950,4,3
96490,4,2
1168,4,4
90624,4,3
171867,4,1
129707,4,2
66691,4,3
31445,4,3
5808,4,4
1662,4,4
85007,4,3
2873,4,4
201811,4,1
53138,4,3
103219,4,2
32914,4,3
93242,4,2
48231,4,3
103849,4,2
31123,4,3
4162,4,4
43912,4,3
176355,4,1
57370,4,3
67534,4,3
27366,4,4
27746,4,3
65142,4,3
54075,4,3
3951,4,4
161954,4,2
90809,4,3
25898,4,6
102588,4,2
112399,4,2
83374,4,3
188307,4,1
1770,4,4
55259,4,3
3183,4,4
77328,4,3
79463,4,3
3820,4,4
1825,4,4
4342,4,4
105351,4,2
52867,4,3
90914,4,3
1585,4,4
59590,4,3
4152,4,4
7786,4,4
8575,4,4
120478,4,2
103055,4,2
70282,4,3
3245,4,6
7157,4,3
5664,4,3
155743,4,2
116411,4,2
89678,4,3
55063,4,3
3886,4,4
3885,4,4
85790,4,3
6641,4,4
31545,4,6
60382,4,3
5635,4,4
3982,4,4
101106,4,2
197689,4,1
157268,4,2
7167,4,3
191799,4,1
1509,4,4
3239,4,4
1695,4,4
110611,4,2
84696,4,3
168286,4,1
7202,4,3
91266,4,3
142032,4,2
58492,4,3
8495,4,4
107702,4,2
170399,4,1
111249,4,2
40574,4,3
140725,4,2
59404,4,3
57637,4,3
204352,4,1
32009,4,3
2292,4,4
200354,4,1
106195,4,2
127178,4,2
58876,4,3
114392,4,2
44729,4,3
176603,4,1
48825,4,3
31702,4,3
69394,4,3
95939,4,2
5901,4,3
79684,4,3
2441,4,4
3003,4,4
2678,4,4
2834,4,4
3318,4,4
134248,4,2
5075,4,4
85565,4,3
47830,4,3
73101,4,3
183589,4,1
115381,4,2
167634,4,1
26699,4,5
6192,4,3
67801,4,3
66385,4,3
52591,4,3
61167,4,3
127319,4,2
85261,4,3
76130,4,3
66744,4,3
104906,4,2
7038,4,4
46572,4,3
62577,4,3
90947,4,3
38097,4,3
185031,4,1
39886,4,3
90870,4,3
91681,4,3
122888,4,2
103107,4,2
71902,4,3
117123,4,2
2332,4,4
74791,4,3
113064,4,2
41627,4,6
58432,4,3
4300,4,4
2837,4,4
99106,4,2
115216,4,2
55255,4,3
47394,4,3
60758,4,3
114818,4,2
51372,4,4
3161,4,4
3240,4,4
2674,4,4
192045,4,1
106983,4,2
48741,4,3
146688,4,2
51903,4,3
5466,4,4
50066,4,3
58879,4,3
45852,4,3
132800,4,2
81751,4,3
31101,4,3
34155,4,3
69818,4,3
50158,4,3
43908,4,3
78774,4,3
5896,4,4
1874,4,4
163959,4,2
6400,4,4
66639,4,3
2778,4,4
4722,4,4
32584,4,3
44943,4,3
82053,4,3
33421,4,3
53769,4,3
38188,4,3
108780,4,2
56001,4,3
68749,4,3
100611,4,2
96367,4,2
92198,4,3
191869,4,1
159191,4,2
98054,4,2
80572,4,3
3580,4,4
158842,4,2
5425,4,4
4773,4,4
85885,4,3
59908,4,3
54513,4,3
48522,4,3
43832,4,3
8795,4,4
6892,4,3
91483,4,2
127298,4,2
60128,4,3
33838,4,3
70932,4,3
139417,4,2
61361,4,3
7383,4,3
51063,4,3
58554,4,3
109687,4,2
27423,4,4
32239,4,3
78116,4,3
64229,4,3
165503,4,2
199223,4,1
50149,4,3
2839,4,4
102066,4,2
107769,4,2
103299,4,2
30745,4,3
141924,4,2
58334,4,3
118924,4,2
139721,4,2
70344,4,3
184017,4,1
106240,4,2
89650,4,3
91673,4,3
175659,4,1
125970,4,4
63239,4,4
112316,4,2
102905,4,2
71438,4,3
98296,4,2
7266,4,4
60649,4,3
2864,4,4
170645,4,1
71542,4,3
94558,4,3
99220,4,2
27648,4,3
8785,4,6
118202,4,2
196223,4,1
118706,4,2
80026,4,3
103541,4,2
184015,4,1
47446,4,3
102072,4,2
3665,4,4
71878,4,3
8534,4,3
150294,4,2
4227,4,4
33358,4,3
167064,4,2
3573,4,4
5368,4,6
188303,4,1
83177,4,3
152372,4,2
189873,4,1
71700,4,3
171253,4,1
5268,4,4
133832,4,2
4737,4,4
48879,4,3
97168,4,2
89260,4,3
2298,4,4
1822,4,4
101893,4,2
70687,4,3
68552,4,3
2892,4,4
69574,4,3
80553,4,3
2509,4,4
108949,4,2
96964,4,2
72228,4,3
63189,4,3
60471,4,3
120392,4,2
6289,4,3
56093,4,3
71876,4,3
94126,4,3
192551,4,1
110130,4,2
126599,4,2
177771,4,1
179749,4,1
48883,4,3
117434,4,2
149011,4,2
117545,4,2
47516,4,3
139052,4,2
49524,4,3
90476,4,3
133377,4,2
132496,4,2
72703,4,3
56633,4,3
80775,4,3
8730,4,4
141718,4,2
31807,4,3
183701,4,1
114044,4,2
91548,4,3
8142,4,4
97643,4,2
151605,4,2
166532,4,2
111251,4,2
175655,4,1
192559,4,1
2388,4,4
169166,4,1
140525,4,2
113250,4,2
8367,4,3
82447,4,3
7326,4,3
81385,4,3
97395,4,2
93240,4,3
71460,4,3
2586,4,4
43677,4,4
151345,4,2
2775,4,4
8093,4,4
163056,4,2
1311,4,4
132798,4,2
123947,4,2
110295,4,2
105519,4,2
139757,4,2
80844,4,3
53988,4,3
97957,4,2
79824,4,3
96863,4,2
6217,4,4
93892,4,3
128604,4,2
3562,4,4
3960,4,4
7988,4,4
1807,4,4
5794,4,4
114184,4,2
64037,4,3
96448,4,2
48711,4,3
119068,4,2
36086,4,4
3796,4,4
88127,4,3
27134,4,4
155625,4,2
110603,4,2
170401,4,1
2197,4,4
109853,4,2
4959,4,4
162592,4,2
96975,4,2
130496,4,2
4391,4,4
34435,4,5
130684,4,2
167564,4,1
93432,4,3
5136,4,4
109742,4,2
120825,4,2
5068,4,4
81180,4,3
97988,4,2
81140,4,3
109157,4,2
5071,4,4
93265,4,3
87028,4,3
6382,4,3
59295,4,3
110718,4,2
191469,4,1
49666,4,3
8456,4,6
31956,4,3
175813,4,2
51007,4,3
134246,4,2
155392,4,2
101070,4,2
54612,4,3
2426,4,4
70301,4,3
127218,4,2
89896,4,3
60007,4,4
72169,4,3
58246,4,3
27073,4,4
75425,4,3
47778,4,3
5465,4,4
161650,4,1
50517,4,3
89554,4,3
130578,4,2
33644,4,3
58291,4,3
70769,4,3
3894,4,4
148369,4,2
78517,4,3
7315,4,3
197875,4,1
1063,4,4
89388,4,3
6805,4,4
1575,4,4
94503,4,3
53004,4,3
57792,4,3
92234,4,2
53578,4,3
7637,4,4
156944,4,2
50703,4,3
92944,4,3
7262,4,3
48032,4,3
91972,4,3
111551,4,2
64695,4,3
115629,4,2
34482,4,6
57421,4,3
6597,4,4
54934,4,3
79895,4,3
71732,4,3
158956,4,2
66066,4,3
95744,4,2
55620,4,3
159447,4,2
3900,4,4
104137,4,2
89490,4,3
192383,4,1
98956,4,2
80617,4,3
90428,4,3
73027,4,3
124867,4,2
6769,4,3
100397,4,2
30867,4,3
102160,4,2
101296,4,2
60735,4,3
6330,4,3
4147,4,4
60503,4,3
175475,4,1
85777,4,3
152065,4,2
59519,4,3
141648,4,2
99721,4,2
88468,4,3
110461,4,2
73681,4,3
141799,4,2
70641,4,3
60763,4,3
98017,4,2
6948,4,3
91844,4,3
101529,4,2
94323,4,2
4870,4,4
3540,4,4
5221,4,4
93598,4,3
91371,4,3
8868,4,3
71537,4,3
109189,4,2
71550,4,3
168060,4,1
91902,4,3
84242,4,3
99741,4,2
93723,4,3
93819,4,3
115967,4,2
71688,4,3
88593,4,3
181671,4,1
4759,4,4
105429,4,2
6683,4,4
113532,4,2
55067,4,3
3574,4,4
4777,4,4
54094,4,3
27362,4,4
80727,4,3
6714,4,3
133281,4,2
161348,4,2
56167,4,3
101281,4,2
4729,4,4
168554,4,1
131739,4,2
185033,4,1
77359,4,3
45506,4,3
131168,4,2
78746,4,3
50259,4,3
81164,4,3
157326,4,2
32853,4,6
144982,4,2
188941,4,1
113565,4,2
5486,4,4
5503,4,4
99468,4,2
138104,4,2
5153,4,4
165947,4,2
139525,4,2
394,4,4
70032,4,3
183295,4,1
136204,4,2
4731,4,4
84116,4,3
88746,4,3
3905,4,4
56846,4,3
91273,4,3
102991,4,2
4209,4,4
141397,4,2
142999,4,2
66310,4,3
2673,4,4
5131,4,4
32452,4,4
3474,4,4
25741,4,6
142598,4,2
6508,4,4
180587,4,1
127134,4,2
5424,4,4
27555,4,3
31408,4,3
8383,4,3
27271,4,4
85016,4,3
184999,4,1
74131,4,3
193956,4,1
197529,4,1
170817,4,1
6792,4,4
99787,4,2
107649,4,2
173939,4,1
6154,4,3
131439,4,2
104274,4,2
1666,4,4
2830,4,4
2358,4,4
1383,4,4
193175,4,1
6616,4,3
70597,4,3
141946,4,2
111661,4,2
5347,4,3
6696,4,3
62836,4,3
109181,4,2
116668,4,2
69988,4,3
90378,4,3
27768,4,3
87270,4,3
114459,4,2
187067,4,1
44301,4,3
73488,4,3
132128,4,2
112460,4,2
155812,4,2
33558,4,3
104712,4,2
97462,4,3
142424,4,2
108825,4,2
152059,4,2
99305,4,3
171439,4,2
6939,4,4
134859,4,2
72224,4,3
183833,4,1
72787,4,3
58418,4,3
4761,4,4
127128,4,2
110826,4,2
109042,4,2
7657,4,4
94480,4,3
114329,4,2
2715,4,4
99530,4,2
83525,4,3
69304,4,3
6042,4,3
165337,4,2
69131,4,3
66596,4,3
107436,4,2
8931,4,3
131170,4,2
59915,4,3
91831,4,2
58652,4,3
152071,4,2
96373,4,2
185109,4,1
113207,4,2
6311,4,4
195167,4,1
3319,4,4
5513,4,3
68650,4,3
1656,4,4
200256,4,1
5688,4,4
73511,4,3
6285,4,3
43910,4,3
111924,4,2
73392,4,3
5662,4,4
6762,4,3
192561,4,1
115414,4,2
129737,4,2
5416,4,3
151695,4,2
60482,4,3
170635,4,4
127204,4,2
5461,4,4
60530,4,3
7789,4,3
73572,4,3
89846,4,3
190947,4,1
98975,4,2
33592,4,4
32743,4,4
52838,4,3
8805,4,4
47793,4,3
69118,4,3
100440,4,2
4964,4,4
74573,4,3
67168,4,3
63181,4,3
61991,4,3
170939,4,1
157224,4,2
196893,4,1
66156,4,3
59107,4,3
73829,4,3
6806,4,4
60020,5,3
89570,4,3
8779,4,3
8537,4,3
90471,4,3
103685,5,2
70898,4,3
8365,5,3
95443,4,2
3050,5,4
91505,4,3
61073,4,3
177225,4,1
128944,4,4
60538,4,3
83424,4,3
165645,5,2
111663,5,2
132549,5,2
174395,5,2
84570,5,3
72591,5,4
90474,5,3
115502,5,2
160112,5,2
4740,5,4
88248,5,3
89302,5,3
175809,5,1
27351,5,4
6293,5,3
4766,5,4
73664,5,3
6211,5,3
194074,5,1
2963,5,4
89281,5,3
179815,5,1
156000,5,2
46574,5,3
157797,5,2
1121,5,4
1793,5,4
6752,5,3
1675,5,4
27003,5,4
8335,5,6
8963,5,3
116307,5,2
58223,5,3
160656,5,2
58111,5,3
81083,5,3
4384,5,4
6949,5,3
157274,5,2
179137,5,1
195823,5,1
8839,5,4
49856,5,3
50153,5,3
4897,5,4
163971,5,2
27450,5,3
185425,5,1
140341,5,2
72980,5,3
8941,5,3
128671,5,2
47150,5,3
49205,5,3
173139,5,2
4755,5,4
36531,5,3
25766,5,6
140160,5,2
5615,5,4
4868,5,4
63698,5,3
56095,5,3
56379,5,3
4962,5,4
2887,5,4
135504,5,2
93954,5,3
197707,5,1
96501,5,3
7753,5,4
79572,5,3
64010,5,3
3056,5,4
139575,5,2
6210,5,4
53859,5,3
193952,5,1
85211,5,3
7172,5,3
151317,5,2
97832,5,2
116907,5,2
49642,5,3
188541,5,1
90266,5,3
6326,5,3
1313,5,4
184239,5,1
190183,5,1
190949,5,1
143271,5,2
90620,5,3
193697,5,1
150254,5,2
177287,5,1
76060,5,3
116660,5,2
66762,5,3
58706,5,3
103554,5,2
169656,5,1
184089,5,1
195305,5,1
86410,5,3
189577,5,1
168420,5,1
154915,5,2
62115,5,3
7763,5,4
1891,5,4
104736,5,2
132112,5,2
41941,5,3
2172,5,4
54270,5,3
132883,5,2
162882,5,2
61449,5,3
99996,5,2
27537,5,3
133867,5,2
121169,5,2
70706,5,3
70708,5,3
106870,5,2
58494,5,3
6839,5,3
114925,5,2
134569,5,2
56508,5,3
128592,5,2
68263,5,3
130642,5,2
104631,5,2
59339,5,3
4819,5,4
103867,5,2
6771,5,3
169218,5,1
72330,5,3
186311,5,1
2304,5,4
164107,5,2
1574,5,4
89321,5,3
3666,5,4
145070,5,2
49265,5,3
51498,5,3
106542,5,2
113640,5,2
60992,5,3
131920,5,2
61354,5,3
43923,5,3
89369,5,3
55190,5,3
98230,5,3
4185,5,6
115991,5,2
90154,5,3
3282,5,4
82589,5,3
185979,5,1
179173,5,6
50183,5,3
143257,5,2
130628,5,2
54510,5,3
136542,5,5
94469,5,3
95237,5,3
2175,5,4
97232,5,3
3721,5,4
116817,5,2
176103,5,1
185997,5,1
6689,5,3
190085,5,1
115828,5,2
127565,5,2
7378,5,3
27163,5,4
8260,5,4
144172,5,2
60894,5,3
74484,5,3
71928,5,3
137863,5,2
27255,5,4
157276,5,2
50440,5,3
43897,5,3
66659,5,3
61948,5,3
114066,5,2
85399,5,3
92954,5,3
113769,5,2
91290,5,3
7477,5,3
96456,5,2
70992,5,3
1864,5,4
176523,5,1
142372,5,2
65588,5,3
87205,5,3
162596,5,2
65631,5,3
147410,5,2
100579,5,2
77596,5,3
44949,5,3
94841,5,3
93578,5,3
180555,5,1
98087,5,2
53788,5,3
60418,5,3
8971,5,3
142386,5,2
92665,5,2
8025,5,4
79987,5,3
89582,5,3
81910,5,3
106144,5,2
4271,5,4
168806,5,1
59129,5,3
2487,5,4
68442,5,3
82765,5,3
106839,5,2
58783,5,3
38198,5,3
30791,5,4
171207,5,1
2281,5,4
54193,5,3
117893,5,2
165087,5,2
179811,5,1
99087,5,2
26915,5,4
99537,5,2
27744,5,3
167248,5,2
129657,5,2
48543,5,3
8258,5,4
169756,5,2
55566,5,3
55110,5,3
62788,5,3
131080,5,3
6760,5,3
33264,5,4
107130,5,2
26325,5,5
165119,5,2
43987,5,3
59721,5,3
98797,5,2
130052,5,2
93212,5,3
5985,5,4
122940,5,2
96991,5,2
53574,5,3
27729,5,3
44815,5,3
8035,5,4
173161,5,1
71926,5,3
171007,5,1
2675,5,4
112550,5,2
81270,5,3
27426,5,4
42385,5,4
33675,5,3
190741,5,1
7148,5,3
79800,5,3
5614,5,4
146307,5,2
96590,5,2
192997,5,1
70912,5,3
94130,5,3
7574,5,4
132456,5,3
4451,5,4
141676,5,4
185435,5,1
55292,5,3
47646,5,3
81520,5,3
159827,5,2
92335,5,2
55498,5,3
186863,5,1
65310,5,3
188679,5,1
65817,5,3
146900,5,2
118814,5,2
90933,5,3
91626,5,3
6010,5,4
76272,5,3
133185,5,2
2008,5,4
69251,5,3
99415,5,2
89472,5,3
54738,5,3
93939,5,3
68288,5,3
63446,5,3
52715,5,3
60857,5,3
81639,5,3
160990,5,2
169760,5,2
112580,5,2
72630,5,3
148036,5,2
51847,5,3
114700,5,2
136247,5,4
4243,5,4
4879,5,4
4073,5,4
105801,5,2
98836,5,2
195849,5,1
91947,5,3
200824,5,1
109720,5,2
85268,5,3
3162,5,4
108778,5,2
32649,5,5
171583,5,1
6324,5,3
191441,5,1
27006,5,4
133389,5,2
44187,5,3
157667,5,2
113775,5,2
8504,5,4
51187,5,3
147750,5,2
48001,5,3
56620,5,3
27432,5,3
94752,5,3
114042,5,2
148482,5,2
108715,5,2
86028,5,3
183909,5,1
98198,5,2
82931,5,3
140131,5,2
42740,5,3
48600,5,3
71374,5,3
116781,5,2
82848,5,6
60259,5,3
55603,5,3
165219,5,2
170787,5,1
6871,5,3
41575,5,3
397,5,4
110828,5,2
179295,5,1
92719,5,2
202575,5,1
169220,5,1
167732,5,2
109769,5,2
152037,5,2
134680,5,2
59105,5,3
141846,5,2
106508,5,2
45525,5,3
169842,5,1
128542,5,2
91014,5,3
5484,5,4
71390,5,3
73089,5,3
140106,5,2
127321,5,2
118970,5,2
5821,5,3
167740,5,1
88022,5,3
26090,5,6
74731,5,3
171491,5,1
133545,5,2
77665,5,3
183309,5,1
55391,5,3
189805,5,1
68472,5,3
67839,5,3
8846,5,3
136305,5,2
56719,5,3
163949,5,2
160400,5,2
103449,5,2
89862,5,3
193589,5,1
64650,5,3
103543,5,2
54978,5,3
162396,5,2
1817,5,4
27326,5,3
156903,5,2
131658,5,2
133824,5,2
97324,5,2
93570,5,3
170947,5,1
189567,5,1
161594,5,2
108879,5,2
110750,5,2
163512,5,2
144734,5,2
200322,5,1
7152,5,3
65552,5,4
114486,5,2
200110,5,1
92829,5,3
167620,5,2
162842,5,2
163508,5,2
5365,5,4
115927,5,3
6699,5,3
179863,5,1
77820,5,3
4869,5,4
159451,5,2
117456,5,2
4997,5,4
155181,5,2
93502,5,3
4193,5,4
144716,5,2
130988,5,2
79599,5,3
6017,5,3
199974,5,1
6700,5,3
106204,5,2
131023,5,2
127323,5,2
172813,5,1
61493,5,3
61692,5,3
103255,5,2
134021,5,2
80162,5,3
155846,5,2
155832,5,2
193647,5,1
8674,5,4
8676,5,4
115174,5,2
164141,5,2
99047,5,2
113696,5,2
93933,5,3
55417,5,3
127188,5,2
73870,5,3
140820,5,2
170555,5,1
72261,5,4
148424,5,2
4249,5,4
27370,5,4
92393,5,3
101207,5,2
138610,5,2
47525,5,3
43022,5,3
54426,5,3
88911,5,3
3867,5,4
53349,5,3
66943,5,3
177787,5,1
169028,5,1
108760,5,2
1685,5,4
150258,5,2
77316,5,3
194312,5,1
165343,5,2
96596,5,2
128832,5,2
151687,5,2
178839,5,1
105254,5,2
6682,5,4
7201,5,3
177243,5,1
77731,5,3
8871,5,3
66330,5,3
5315,5,4
153070,5,3
100272,5,2
93142,5,3
6295,5,3
193954,5,1
70342,5,3
59814,5,3
6563,5,3
141131,5,1
5557,5,3
160559,5,2
178447,5,1
100359,5,2
83264,5,3
44115,5,3
72249,5,3
130083,5,2
145064,5,2
27392,5,3
98973,5,2
66870,5,3
133123,5,3
95508,5,2
43926,5,3
94967,5,3
113313,5,2
52730,5,3
31429,5,3
57949,5,3
91035,5,3
184623,5,1
27754,5,3
105420,5,2
147022,5,2
27627,5,3
112303,5,2
118338,5,2
171881,5,2
7785,5,4
130474,5,2
151933,5,2
90434,5,3
104883,5,2
116841,5,2
26914,5,4
114758,5,2
192357,5,1
190349,5,1
58287,5,3
68028,5,3
139148,5,2
116893,5,2
1886,5,4
39408,5,3
5517,5,4
88069,5,3
4781,5,4
59040,5,3
50944,5,3
177867,5,1
51082,5,3
43853,5,3
134204,5,2
4746,5,3
156755,5,2
67784,5,3
101527,5,2
119065,5,4
2199,5,4
91694,5,3
155018,5,2
165601,5,2
186631,5,1
77709,5,3
32906,5,5
91888,5,3
179409,5,1
183855,5,1
141702,5,2
4288,5,4
168722,5,1
79863,5,3
109372,5,2
93610,5,3
73276,5,3
141668,5,2
176551,5,2
97908,5,3
194959,5,1
193243,5,1
142604,5,2
62586,5,3
60046,5,3
61818,5,3
5024,5,4
70432,5,4
162730,5,2
65731,5,3
31032,5,3
77264,5,3
27246,5,4
99968,5,2
8867,5,3
168650,5,1
83478,5,3
59362,5,3
61267,5,3
7385,5,3
59382,5,3
93324,5,3
116801,5,2
81020,5,3
167794,5,2
192319,5,1
88879,5,3
170627,5,1
108220,5,2
60579,5,3
69904,5,3
75389,5,3
7125,5,4
6940,5,3
174371,5,1
112895,5,2
91241,5,3
203244,5,1
95816,5,2
82366,5,3
81949,5,3
127208,5,2
155581,5,2
110773,5,2
177101,5,1
114244,5,2
173273,5,2
79868,5,3
55492,5,3
105343,5,2
121253,5,2
5083,5,4
70607,5,3
179415,5,1
150604,5,2
43009,5,3
203208,5,1
108514,5,2
192081,5,1
114277,5,2
8746,5,3
71239,5,3
71341,5,3
135502,5,2
78032,5,3
96634,5,3
103085,5,2
5295,5,3
68965,5,3
94410,5,3
104760,5,2
82684,5,3
142158,5,3
142503,5,2
69842,5,3
186953,5,1
165421,5,2
96700,5,3
66320,5,3
162148,5,2
40817,5,4
52356,5,3
4157,5,4
114704,5,2
166940,5,2
171013,5,2
110503,5,2
114250,5,2
46430,5,3
159077,5,2
70093,5,3
188833,5,1
32668,5,3
73413,5,3
8629,5,4
72178,5,3
66789,5,3
34111,5,3
27170,5,4
90268,5,3
4926,5,4
89427,5,3
40337,5,3
103059,5,2
92437,5,3
71372,5,3
129372,5,2
5331,5,4
104379,5,2
84557,5,3
168714,5,1
60044,5,3
117312,5,2
79230,5,3
71494,5,3
99992,5,2
173203,5,1
183915,5,1
80584,5,3
43589,5,3
126575,5,2
179977,5,1
41712,5,4
84407,5,3
39441,5,3
170751,5,1
179491,5,1
115172,5,2
5987,5,4
48159,5,3
68685,5,3
133769,5,4
142925,5,2
5196,5,5
135625,5,2
176599,5,1
184119,5,1
7109,5,4
111320,5,2
142765,5,2
166655,5,2
105053,5,2
166530,5,2
155828,5,2
51167,5,3
185385,5,1
170949,5,1
103721,5,3
6895,5,3
140301,5,2
128594,5,2
170959,5,2
126921,5,3
171611,5,1
27564,5,3
167792,5,6
60338,5,3
72113,5,3
171315,5,1
126482,5,2
157865,5,2
114760,5,2
26009,5,6
76158,5,3
52170,5,3
74426,5,4
99178,5,2
85874,5,3
174893,5,1
47940,5,3
103275,5,2
95197,5,2
143209,5,2
171141,5,2
149186,5,2
2192,5,4
52299,5,3
144224,5,2
47642,5,3
176829,5,1
72485,5,3
107447,5,2
27327,5,4
5786,5,3
82059,5,3
131270,5,2
146866,5,2
36083,5,3
175649,5,1
51933,5,3
34045,5,3
157270,5,2
73741,5,3
160020,5,2
50705,5,3
47503,5,3
115235,5,2
47148,5,3
174045,5,1
59910,5,3
27735,5,3
155583,5,2
151675,5,2
185977,5,1
114945,5,2
65181,5,3
45658,5,3
131433,5,2
3800,5,4
93024,5,3
1890,5,4
157671,5,2
184469,5,1
117861,5,2
34314,5,3
83082,5,3
133869,5,2
50151,5,3
155074,5,2
67898,5,3
121190,5,3
144698,5,2
49735,5,3
182783,5,1
34538,5,3
79910,5,3
4156,5,4
52285,5,3
166149,5,2
91416,5,3
130618,5,2
189893,5,2
2233,5,4
155545,5,2
151459,5,2
96304,5,3
103816,5,2
107707,5,3
165239,5,2
8241,5,4
151735,5,2
197889,5,1
6928,5,3
177123,5,1
152057,5,2
44800,5,3
170961,5,1
182819,5,1
166721,5,2
32128,5,3
152515,5,2
27162,5,4
76753,5,3
74827,5,3
88706,5,3
159696,5,2
136798,5,2
27040,5,4
174859,5,1
128632,5,2
67792,5,3
92817,5,3
175165,5,1
171647,5,5
4303,5,4
134851,5,2
165353,5,2
33081,5,3
134775,5,2
77266,5,3
60526,5,3
5946,5,4
6681,5,4
34579,5,3
55360,5,3
143389,5,3
95839,5,4
114849,5,2
196175,5,1
110796,5,2
163981,5,2
140074,5,2
205072,5,1
175795,5,1
5327,5,4
57865,5,3
149552,5,2
130044,5,2
45412,5,3
135889,5,2
188753,5,1
183155,5,1
185169,5,1
52784,5,3
127124,5,2
99633,5,2
170405,5,1
101942,5,2
146926,5,2
142082,5,2
101097,5,2
64511,5,3
94675,5,3
82022,5,3
88237,5,3
102956,5,3
160710,5,2
152976,5,2
139915,5,2
121155,5,2
5285,5,4
141761,5,2
1820,5,4
53352,5,3
27620,5,3
111734,5,2
26370,5,5
108200,5,2
60389,5,3
44241,5,4
3888,5,4
3595,5,4
44243,5,4
169958,5,2
3899,5,4
53592,5,3
179287,5,1
158962,5,2
163931,5,2
106234,5,2
98400,5,2
138202,5,2
84621,5,3
111245,5,2
65660,5,3
68858,5,3
6221,5,4
132652,5,3
4026,5,4
89194,5,3
131470,5,2
73718,5,3
146642,5,2
97946,5,3
104636,5,3
152163,5,2
116529,5,2
154939,5,2
109607,5,2
172743,5,2
110899,5,2
74355,5,3
84957,5,3
65155,5,3
173879,5,1
100717,5,3
85540,5,3
6151,5,5
61319,5,3
108085,5,2
6342,5,3
49330,5,3
78128,5,3
114378,5,2
132056,5,2
143237,5,2
84137,5,3
97933,5,3
27550,5,4
92696,5,3
5687,5,4
73051,5,3
109629,5,2
179285,5,1
159614,5,2
159972,5,2
179275,5,1
6876,5,3
152290,5,2
162418,5,2
91873,5,2
158382,5,2
59547,5,3
100322,5,2
140627,5,2
127084,5,3
73270,5,3
40226,5,4
193906,5,1
55209,5,3
90310,5,3
86642,5,3
115973,5,2
105133,5,3
164163,5,3
46770,5,3
142540,5,2
190305,5,1
42213,5,4
7625,5,4
96664,5,3
194238,5,1
97470,5,3
56511,5,3
183597,5,1
74582,5,3
102245,5,2
134867,5,3
128695,5,2
189071,5,1
90939,5,3
5559,5,4
31664,5,4
6685,5,3
105340,5,2
133767,5,4
78313,5,3
76119,5,3
6248,5,3
175243,5,1
111389,5,2
172881,5,3
143239,5,2
135264,5,4
109576,5,2
121235,5,2
179925,5,1
157881,5,2
73049,5,3
100336,5,3
72491,5,3
132146,5,2
190017,5,1
131451,5,2
176521,5,1
61100,5,3
85072,5,3
89377,5,3
145094,5,2
103972,5,2
84880,5,3
83450,5,3
50886,5,3
6897,5,3
161586,5,2
97966,5,2
159976,5,2
85763,5,3
181751,5,4
76147,5,3
99413,5,3
118173,5,3
146604,5,2
130492,5,2
4698,5,4
174503,5,1
88495,5,3
3575,5,4
134945,5,2
5194,5,5
38046,5,3
4261,5,4
129820,5,2
59753,5,3
196611,5,1
108899,5,2
206805,5,1
47117,5,4
5173,5,4
189549,5,1
180037,5,1
131842,5,2
6704,5,3
185569,5,1
145140,5,2
183497,5,1
204692,5,1
108318,5,2
57453,5,3
26966,5,4
167636,5,2
114046,5,2
127315,5,2
95670,5,2
95133,5,3
44844,5,3
200638,5,1
171925,5,2
170153,5,1
7739,5,4
4851,5,4
61136,5,3
94837,5,2
137457,5,2
117308,5,2
102354,5,2
5798,5,4
135643,5,2
27238,5,4
151501,5,2
52413,5,4
111259,5,2
6388,5,4
44881,5,3
111373,5,3
98175,5,2
179411,5,1
112655,5,2
2608,5,4
119966,5,2
70695,5,3
98013,5,3
45533,5,4
1768,5,4
179163,5,1
44671,5,3
108243,5,2
107949,5,2
26901,5,4
151593,5,2
151707,5,2
7455,5,3
114680,5,2
89580,5,3
117928,5,2
5622,5,3
5789,5,4
145384,5,2
75446,5,3
181601,5,1
157407,5,2
73885,5,3
180367,5,1
99058,5,2
98838,5,2
26989,5,4
27004,5,4
134230,5,3
48229,5,3
163955,5,2
199307,5,1
105715,5,3
178355,5,1
161918,5,2
48584,5,3
58808,5,3
8747,5,4
77672,5,3
60322,5,3
141050,5,2
1903,5,4
79769,5,3
4050,5,4
164606,5,2
60133,5,3
151645,5,2
160876,5,2
45188,5,3
112850,5,2
166777,5,2
194206,5,1
141493,5,3
6384,5,4
195001,5,1
127192,5,2
33688,5,3
185171,5,1
143647,5,2
107987,5,2
27646,5,3
166020,5,2
171581,5,1
143868,5,3
162160,5,2
132997,5,2
175669,5,1
42172,5,4
33296,5,3
104518,5,2
102941,5,3
74818,5,3
172667,5,1
33823,5,3
111630,5,2
60032,5,3
144760,5,2
162726,5,2
7368,5,3
118710,5,2
92841,5,3
148867,5,2
163941,5,2
92481,5,3
46839,5,3
169902,5,2
152055,5,2
96114,5,2
115130,5,2
96510,5,2
96407,5,3
141950,5,2
118512,5,3
158530,5,1
83601,5,3
76132,5,3
74641,5,3
184925,5,1
74653,5,3
1832,5,4
188187,5,1
167990,5,2
179901,5,1
176943,5,1
170815,5,1
191359,5,1
186305,5,1
101210,5,3
109723,5,2
61018,5,4
112749,5,2
79929,5,3
36539,5,3
163094,5,2
106254,5,3
90071,5,3
135823,5,2
70726,5,3
112277,5,2
64241,5,6
130588,5,2
118256,5,2
8964,5,3
160581,5,2
165179,5,2
107083,5,2
87444,5,3
61950,5,3
161584,5,2
194696,5,1
183077,5,1
97326,5,2
134158,5,2
145028,5,2
81195,5,3
112689,5,2
78445,5,3
51917,5,3
157176,5,1
5318,5,3
173499,5,1
73879,5,4
173823,5,2
5467,5,4
168348,5,2
186339,5,1
151507,5,2
27096,5,4
77780,5,3
132594,5,2
27528,5,4
201200,5,1
108289,5,3
135278,5,3
134879,5,2
46613,5,3
188383,5,1
104408,5,2
170393,5,1
51579,5,3
93952,5,3
87081,5,3
109781,5,2
142070,5,2
136656,5,2
145142,5,2
171689,5,2
72369,5,3
196487,5,1
110426,5,2
121135,5,2
31362,5,3
92923,5,3
7358,5,3
107462,5,2
98570,5,3
44295,5,4
78626,5,4
56158,5,3
132377,5,2
184865,5,1
205156,5,1
95223,5,3
62726,5,3
191495,5,1
156125,5,2
151693,5,2
189399,5,1
139723,5,2
70970,5,3
104097,5,2
112245,5,2
173137,5,1
150694,5,2
117194,5,2
81182,5,3
155830,5,2
77893,5,3
26996,5,4
52551,5,3
199237,5,1
183703,5,1
89217,5,3
101719,5,3
54268,5,3
54171,5,3
153794,5,3
170913,5,2
150776,5,2
99143,5,2
167174,5,2
178509,5,1
92122,5,3
148727,5,2
139205,5,2
4818,5,4
167838,5,1
199207,5,1
89997,5,3
89983,5,3
72041,5,3
121115,5,2
149606,5,2
55329,5,3
175673,5,1
170253,5,1
205661,5,1
136642,5,2
82360,5,3
205054,5,1
148058,5,2
168408,5,2
34466,5,4
45521,5,3
82240,5,3
51314,5,3
185999,5,1
118248,5,2
70175,5,3
93803,5,3
2845,5,4
183323,5,1
157432,5,2
187001,5,1
159163,5,1
114659,5,2
7390,5,3
108797,5,2
139608,5,2
143410,5,2
155970,5,2
151951,5,2
174017,5,2
203375,5,1
137563,5,2
56837,5,3
100062,5,3
47670,5,3
80820,5,3
102682,5,3
6569,5,4
90421,5,3
107557,5,2
171023,5,1
27261,5,4
1548,5,4
7563,5,4
93782,5,2
119964,5,2
168278,5,2
117334,5,2
168352,5,2
167842,5,1
140701,5,2
71821,5,3
103982,5,2
134182,5,2
111856,5,2
196341,5,1
92448,5,3
126420,5,2
90751,5,3
66015,5,3
94998,5,3
117121,5,3
114035,5,2
118252,5,2
183911,5,1
181115,5,1
121143,5,2
110350,5,2
110346,5,2
3116,5,4
8453,5,4
167744,5,2
121129,5,2
110748,5,3
103547,5,3
50533,5,3
198703,5,1
83923,5,3
187713,5,1
152838,5,2
54958,5,3
118260,5,2
70587,5,3
7343,5,4
164546,5,1
127112,5,2
158974,5,2
94444,5,3
133747,5,2
53373,5,4
95034,5,3
147940,5,2
135274,5,4
171757,5,1
27711,5,3
5020,5,4
7278,5,4
60479,5,3
207405,5,1
57843,5,3
104298,5,2
93061,5,3
118103,5,2
131453,5,2
119563,5,3
130784,5,3
109728,5,2
165897,5,2
99367,5,3
158428,5,2
190813,5,1
189809,5,1
139084,5,2
110746,5,2
79166,5,3
3631,5,4
7423,5,4
183055,5,1
65300,5,3
92307,5,3
170973,5,2
135829,5,3
151313,5,2
127200,5,2
6194,5,3
81305,5,3
77818,5,3
103203,5,2
192377,5,1
186003,5,1
166562,5,2
160301,5,2
121483,5,2
58649,5,6
118922,5,2
112640,5,3
190749,5,1
170489,5,1
178085,5,1
141060,5,2
116453,5,2
113771,5,2
76244,5,3
137108,5,2
27699,5,3
100426,5,3
120311,5,2
76051,5,3
190287,5,1
27764,5,3
121137,5,2
111680,5,2
90868,5,3
32497,5,4
6706,5,4
200008,5,1
174645,5,1
134180,5,2
207309,5,1
154890,5,4
161034,5,2
180435,5,1
170781,5,1
4163,5,4
86725,5,3
194200,5,1
183397,5,1
163118,5,2
84834,5,3
118300,5,2
151597,5,2
46561,5,3
67405,5,3
121370,5,2
68548,5,3
136497,5,3
55487,5,3
175665,5,1
142538,5,2
27147,5,4
98189,5,3
102854,5,2
136800,5,2
106443,5,2
171501,5,1
129250,5,2
62299,5,3
132344,5,4
135601,5,3
136030,5,3
146904,5,2
132130,5,2
169792,5,2
116155,5,2
74456,5,3
141058,5,2
82906,5,3
32830,5,3
77312,5,3
179785,5,1
195733,5,1
144426,5,3
188067,5,1
61011,5,3
71268,5,3
116207,5,2
152228,5,2
131480,5,2
87499,5,3
97697,5,2
61035,5,3
110070,5,3
53154,5,3
27347,5,4
27765,5,3
131474,5,2
59290,5,3
109351,5,3
136495,5,3
166572,5,2
162660,5,2
153788,5,3
105597,5,2
93172,5,3
183727,5,1
179329,5,1
179983,5,1
81312,5,3
69075,5,4
149590,5,2
84532,5,3
90413,5,3
143361,5,1
193451,5,1
66140,5,3
146423,5,2
141395,5,2
143472,5,2
116215,5,3
176351,5,1
82928,5,3
60030,5,3
56022,5,4
137278,5,2
177611,5,1
168884,5,2
27760,5,3
58422,5,6
112866,5,2
190397,5,1
27217,5,4
27192,5,4
132442,5,2
176173,5,2
141928,5,2
52845,5,3
121109,5,3
176365,5,2
184009,5,1
90649,5,3
97059,5,2
109295,5,2
169762,5,1
194026,5,1
2235,5,4
147726,5,2
172807,5,2
195293,5,1
111287,5,2
95754,5,3
189879,5,1
33743,5,4
157959,5,2
155056,5,3
164373,5,2
95069,5,2
57432,5,3
175603,5,2
60825,5,3
169654,5,2
163006,5,2
107737,5,2
39516,5,3
113186,5,2
162604,5,2
43289,5,4
98381,5,3
160149,5,2
134332,5,3
162608,5,2
164725,5,3
168738,5,2
109455,5,2
26998,5,4
159427,5,2
187109,5,1
133710,5,2
183457,5,1
186263,5,1
189065,5,1
5790,5,3
117310,5,2
130462,5,2
129437,5,2
101243,5,2
50774,5,3
160187,5,2
106243,5,3
69714,5,3
177495,5,2
161334,5,2
104576,5,2
199101,5,1
109330,5,3
171113,5,1
169828,5,2
7521,5,4
54349,5,3
90662,5,3
142110,5,2
171869,5,2
180261,5,1
162460,5,2
88131,5,3
132358,5,2
69269,5,3
204268,5,1
157106,5,2
135831,5,3
44511,5,3
177241,5,1
34505,5,4
76117,5,3
61264,5,3
106559,5,3
112085,5,2
180033,5,1
116853,5,2
166235,5,2
192911,5,1
27734,5,3
155595,5,2
117136,5,2
152067,5,2
184641,5,1
149670,5,3
155748,5,2
91540,5,3
58933,5,3
171497,5,1
82581,5,3
189781,5,1
180833,5,1
106883,5,2
195745,5,1
72958,5,3
106624,5,2
170423,5,1
167334,5,2
132989,5,2
168586,5,2
95796,5,3
4076,5,4
177233,5,1
42935,5,3
117344,5,2
125874,5,3
138798,5,2
87166,5,3
104390,5,3
167488,5,2
79994,5,3
67624,5,3
187069,5,1
173627,5,4
198667,5,1
93193,5,3
117065,5,2
120944,5,3
67420,5,3
152085,5,2
102356,5,2
153931,5,2
172289,5,3
119224,5,2
6369,5,4
63836,5,4
175187,5,1
38867,5,3
116742,5,3
164226,5,2
170289,5,3
55112,5,3
105811,5,4
194969,5,1
130442,5,2
81138,5,3
184189,5,1
184353,5,1
68674,5,3
127120,5,2
121103,5,3
166544,5,2
154474,5,2
141393,5,2
135597,5,3
175531,5,1
86572,5,3
36511,5,3
83912,5,3
155076,5,2
54783,5,3
136698,5,2
188311,5,1
60702,5,3
148426,5,2
134348,5,4
5273,5,4
115909,5,3
168126,5,1
151927,5,2
103825,5,2
129788,5,2
134117,5,2
176923,5,1
186955,5,1
183699,5,1
178715,5,3
169814,5,2
103050,5,3
30767,5,4
155285,5,2
96239,5,3
160555,5,2
113035,5,2
99906,5,2
94803,5,3
121453,5,2
166974,5,2
70824,5,3
68259,5,3
133731,5,2
140237,5,2
8792,5,3
96306,5,2
113889,5,2
74738,5,3
100304,5,2
166755,5,2
7120,5,3
31636,5,4
72628,5,3
27548,5,3
132547,5,2
133347,5,2
113674,5,2
37957,5,3
182341,5,1
138632,5,2
5793,5,3
185981,5,1
121330,5,3
27455,5,4
121241,5,5
91866,5,3
58434,5,3
134178,5,2
53282,5,3
196567,5,1
135991,5,3
26941,5,4
104728,5,2
109897,5,2
34231,5,3
119454,5,3
182475,5,1
168274,5,1
96849,5,2
96941,5,2
98116,5,2
5229,5,4
165635,5,2
91250,5,3
167698,5,2
175505,5,1
157387,5,2
60641,5,3
176625,5,2
203160,5,1
83266,5,4
144182,5,2
6877,5,3
116465,5,2
48530,5,3
196113,5,1
135599,5,3
114013,5,2
144782,5,2
5671,5,4
104947,5,2
73170,5,3
27539,5,3
162576,5,2
174711,5,1
134234,5,3
98552,5,3
156956,5,2
155810,5,2
78142,5,3
203322,5,1
111931,5,2
139553,5,3
51486,5,3
59131,5,3
59053,5,3
52891,5,3
27172,5,4
87302,5,3
142364,5,2
168962,5,2
189641,5,1
165487,5,2
99045,5,3
31672,5,4
112506,5,3
89720,5,3
7413,5,3
48863,5,3
48817,5,3
145915,5,2
46915,5,3
70229,5,3
101880,5,2
169880,5,2
188505,5,1
94900,5,3
205297,5,1
142072,5,2
194871,5,1
194738,5,1
125918,5,2
158412,5,2
189061,5,1
88114,5,3
168772,5,2
131180,5,2
194398,5,1
153766,5,3
153792,5,3
164387,5,2
144134,5,2
74480,5,3
102396,5,3
48093,5,3
68392,5,4
142426,5,2
174533,5,4
38849,5,3
130050,5,2
158414,5,2
174087,5,6
108506,5,2
45508,5,3
150342,5,2
117682,5,3
136666,5,2
136938,5,3
69187,5,3
97051,5,2
126733,5,4
127118,5,2
135877,5,2
58881,5,3
139056,5,3
27595,5,4
27306,5,4
92461,5,3
142226,5,2
142212,5,2
144714,5,2
98036,5,3
204690,5,1
177003,5,1
177993,5,1
141690,5,2
59376,5,3
116024,5,2
169180,5,2
54284,5,3
120412,5,3
111817,5,2
79545,5,3
172117,5,2
134777,5,2
143033,5,4
81080,5,3
96181,5,3
8895,5,3
141956,5,2
105620,5,2
179175,5,1
188299,5,1
69666,5,3
131478,5,2
57276,5,3
175233,5,1
46231,5,3
89164,5,3
133689,5,2
56995,5,3
47482,5,4
167986,5,2
167870,5,2
145491,5,4
45940,5,3
159606,5,2
70661,5,3
60688,5,3
116489,5,2
45303,5,3
161060,5,2
182477,5,1
166478,5,2
170835,5,2
189329,5,1
117442,5,2
136784,5,2
58718,5,3
120574,5,2
173847,5,1
186905,5,1
27909,5,3
99746,5,2
121194,5,2
132360,5,3
79430,5,3
167136,5,2
40964,5,3
161588,5,2
164395,5,2
126393,5,2
99695,5,2
173731,5,1
158408,5,3
183831,5,1
167858,5,2
179495,5,2
118328,5,2
179091,5,1
101599,5,3
186001,5,2
179099,5,1
150268,5,2
176389,5,1
102557,5,2
164145,5,2
121113,5,4
156547,5,2
171609,5,1
98052,5,3
168058,5,2
193749,5,1
191253,5,1
44161,5,3
78342,5,3
70227,5,3
36541,5,3
87911,5,3
142975,5,2
8055,5,4
45259,5,3
7337,5,3
27018,5,4
145468,5,2
135765,5,2
203517,5,1
27292,5,4
27298,5,4
148689,5,2
134915,5,3
142677,5,2
70418,5,4
86057,5,5
190553,5,1
115921,5,2
50165,5,4
116028,5,3
116030,5,4
183413,5,1
108447,5,3
102174,5,3
165023,5,2
120222,5,2
27223,5,4
172809,5,2
93267,5,3
135603,5,3
33150,5,3
146244,5,4
184315,5,1
31960,5,4
27742,5,3
110867,5,2
27616,5,3
72949,5,3
126550,5,2
121269,5,3
109197,5,2
112905,5,2
135508,5,2
141964,5,2
152031,5,2
193894,5,1
119629,5,3
162150,5,2
182369,5,1
75386,5,3
176699,5,2
129845,5,2
155129,5,2
99024,5,3
106879,5,2
134334,5,3
116169,5,3
4379,5,4
51004,5,3
99191,5,4
105204,5,3
75825,5,3
89722,5,3
151789,5,2
200326,5,1
136200,5,3
126562,5,2
36436,5,3
161658,5,2
96537,5,3
161738,5,2
153790,5,3
140315,5,2
39390,5,3
117646,5,4
170191,5,4
27658,5,3
165553,5,2
112320,5,3
30695,5,3
94314,5,3
165681,5,2
184741,5,1
27189,5,4
137112,5,3
95157,5,3
88572,5,3
172573,5,2
158336,5,3
142382,5,2
27016,5,4
198143,5,1
26981,5,4
26908,5,4
132616,5,2
81111,5,3
61317,5,3
5082,5,4
154075,5,3
71444,5,6
90753,5,3
97986,5,2
132468,5,2
97895,5,2
6891,5,4
177297,5,1
117885,5,2
148095,5,2
79228,5,3
98000,5,2
150322,5,3
101222,5,3
78681,5,3
183157,5,1
5837,5,4
161312,5,2
48098,5,4
173285,5,1
82097,5,3
115291,5,3
121117,5,3
155561,5,2
112974,5,2
150270,5,2
104996,5,2
135557,5,2
105345,5,3
104552,5,2
93921,5,2
192787,5,1
66068,5,4
185025,5,1
169758,5,1
160872,5,2
48895,5,4
129364,5,2
87608,5,3
103269,5,2
162448,5,2
194058,5,1
144196,5,2
186249,5,1
54144,5,3
136217,5,3
55343,5,3
170285,5,3
175253,5,1
113866,5,2
102662,5,2
171803,5,2
109485,5,2
200598,5,1
109199,5,3
91450,5,3
79996,5,3
146350,5,2
172433,5,1
136654,5,2
121157,5,2
144298,5,3
141954,5,2
55462,5,3
195757,5,1
55549,5,3
47047,5,3
59116,5,3
135204,5,2
162162,5,2
181475,5,1
104762,5,2
76269,5,3
49872,5,3
104590,5,3
109580,5,2
165647,5,2
194801,5,1
182359,5,1
156753,5,2
107704,5,2
135520,5,2
161346,5,2
80908,5,3
127090,5,3
81427,5,3
98755,5,3
162416,5,2
104671,5,2
57970,5,3
99525,5,2
184265,5,1
174549,5,1
165139,5,2
182407,5,1
121790,5,3
81316,5,3
96064,5,2
154348,5,2
204018,5,1
4747,5,4
192105,5,1
114856,5,2
83334,5,3
4315,5,4
160700,5,2
150848,5,2
84260,5,3
137900,5,2
131094,5,4
204702,5,1
116032,5,4
170789,5,1
160648,5,2
27631,5,3
8944,5,3
187751,5,1
170235,5,1
94112,5,3
117322,5,3
205287,5,1
178083,5,1
136786,5,2
167644,5,2
47980,5,4
171695,5,3
154065,5,2
144512,5,3
129229,5,2
91010,5,3
187725,5,1
195713,5,1
170241,5,2
187959,5,1
99061,5,3
136857,5,2
144268,5,2
169250,5,2
117017,5,3
195671,5,1
71154,5,3
197419,5,1
159813,5,2
175671,5,2
144296,5,2
78408,5,3
134342,5,3
97968,5,2
106590,5,2
156898,5,2
136626,5,2
67457,5,3
135500,5,2
144688,5,2
172223,5,3
80476,5,3
81014,5,3
158575,5,2
139797,5,2
139759,5,2
134013,5,2
72833,5,3
26976,5,4
94893,5,3
135627,5,2
135852,5,2
64942,5,3
165125,5,2
191235,5,1
201863,5,1
41704,5,4
147002,5,3
109277,5,3
68667,5,3
141994,5,2
163713,5,2
165537,5,2
159626,5,2
104807,5,3
81087,5,3
131834,5,2
192341,5,1
52980,5,3
91688,5,3
52858,5,3
142831,5,3
78019,5,3
169666,5,2
27692,5,3
179593,5,4
183651,5,1
173307,5,1
139715,5,2
135767,5,3
116770,5,2
197141,5,1
99613,5,3
174665,5,1
101653,5,3
162542,5,2
171605,5,2
192761,5,1
149368,5,2
56835,5,3
105608,5,2
171879,5,2
61586,5,3
121186,5,3
109810,5,3
150552,5,3
140108,5,2
157128,5,2
128600,5,2
45137,5,3
113853,5,2
61285,5,3
147268,5,4
115162,5,2
154160,5,3
144416,5,3
199432,5,1
175323,5,1
96753,5,2
9019,5,3
184099,5,1
34004,5,3
150230,5,2
170637,5,1
132140,5,2
125912,5,2
187167,5,1
72624,5,3
109399,5,2
102826,5,3
161616,5,2
177095,5,1
199095,5,1
74649,5,3
177245,5,1
177769,5,1
141960,5,2
199255,5,1
123353,5,2
162158,5,2
177545,5,1
160436,5,2
103657,5,3
94965,5,3
150344,5,2
193637,5,1
144934,5,2
187215,5,1
204556,5,1
150401,5,2
170901,5,1
185545,5,1
193439,5,1
204558,5,1
121243,5,3
202423,5,1
152011,5,3
146358,5,4
34464,5,4
32172,5,3
32088,5,4
192157,5,1
27263,5,3
27372,5,4
7528,5,4
205545,5,1
6691,5,4
91243,5,3
149394,5,2
114396,5,2
78014,5,3
182563,5,1
154470,5,2
116608,5,2
85278,5,3
8960,5,3
146922,5,2
128149,5,2
151900,5,2
116419,5,2
168784,5,2
79060,5,3
168774,5,2
183379,5,1
154079,5,3
171601,5,1
101884,5,2
170369,5,1
137475,5,4
116738,5,3
169198,5,2
142819,5,2
170537,5,1
43828,5,3
164737,5,3
47815,5,3
121196,5,2
106214,5,3
104608,5,3
135795,5,2
136253,5,3
27624,5,3
33318,5,4
135506,5,2
135763,5,3
139636,5,2
151557,5,2
90382,5,3
150296,5,3
96801,5,3
128922,5,3
187463,5,1
87882,5,3
186949,5,1
184157,5,1
144984,5,2
190029,5,1
189991,5,1
194012,5,1
180445,5,1
93948,5,3
150538,5,2
88877,5,3
125543,5,2
84262,5,3
78130,5,3
101180,5,3
194636,5,1
148486,5,3
104638,5,3
181235,5,1
131570,5,2
143553,5,2
94352,5,3
165723,5,2
191991,5,1
173417,5,2
204318,5,1
135983,5,3
185335,5,1
161974,5,2
93923,5,2
27640,5,3
93649,5,3
54536,5,3
105972,5,3
43269,5,3
140631,5,2
195349,5,1
201476,5,1
45656,5,3
164695,5,2
55406,5,3
97046,5,3
107675,5,2
125630,5,2
98217,5,3
135484,5,2
95717,5,2
152870,5,3
33655,5,4
176609,5,1
121247,5,4
96214,5,3
155814,5,2
142691,5,2
170291,5,3
67356,5,3
117714,5,2
142384,5,2
207145,5,5
170287,5,3
178639,5,1
66584,5,3
158094,5,2
151577,5,2
130398,5,3
187123,5,1
170993,5,3
136491,5,3
4385,5,4
102188,5,3
89230,5,3
72953,5,3
88520,5,3
73401,5,3
180569,5,1
101322,5,4
175779,5,3
116199,5,3
169470,5,2
189043,5,1
208715,5,1
96498,5,2
163569,5,2
117354,5,3
134781,5,3
52418,5,3
148034,5,3
206899,5,1
174519,5,2
128878,5,2
188459,5,1
194532,5,1
187577,5,1
183529,5,1
90133,5,3
170487,5,5
116281,5,3
116415,5,2
148108,5,2
117676,5,2
194100,5,1
27213,5,4
8904,5,4
112299,5,2
186365,5,1
135797,5,3
186331,5,1
27343,5,4
190747,5,1
85358,5,3
205064,5,1
172065,5,1
146360,5,4
139020,5,2
147024,5,2
112907,5,2
130862,5,2
135555,5,3
136534,5,4
189929,5,1
168168,5,2
173835,5,1
173827,5,3
147738,5,2
121188,5,3
135761,5,3
27919,5,3
94011,5,3
193073,5,1
135701,5,2
144266,5,2
176339,5,1
103641,5,2
157561,5,2
161173,5,2
160319,5,2
142546,5,2
105492,5,3
160454,5,3
160139,5,2
158691,5,2
69061,5,3
158727,5,2
161608,5,2
199333,5,1
78006,5,4
74493,5,3
146178,5,4
114492,5,2
99687,5,2
190623,5,1
121167,5,3
194044,5,1
186533,5,1
171737,5,3
196597,5,1
205509,5,1
121261,5,3
185597,5,1
152143,5,3
193405,5,1
113503,5,2
193323,5,1
111439,5,2
185439,5,1
119685,5,3
172251,5,3
62847,5,3
140016,5,2
152974,5,2
184689,5,1
131850,5,2
80870,5,3
110505,5,2
136212,5,3
145520,5,3
191439,5,1
93132,5,3
175487,5,2
132352,5,2
142829,5,3
148410,5,2
142811,5,4
189099,5,1
175263,5,4
5176,5,4
116128,5,2
141162,5,3
163062,5,2
117838,5,2
54341,5,3
140962,5,2
176085,5,2
70545,5,3
101379,5,2
148709,5,2
117178,5,2
163571,5,2
140938,5,3
101664,5,4
154468,5,2
142839,5,3
117588,5,3
129299,5,2
129830,5,3
107102,5,2
133697,5,3
6590,5,3
150312,5,4
130384,5,3
115951,5,2
108569,5,2
159399,5,2
112909,5,3
159111,5,2
177431,5,1
64153,5,3
184937,5,1
112326,5,4
133121,5,3
181245,5,1
101614,5,3
67850,5,3
159484,5,2
112481,5,2
135919,5,2
169480,5,2
100505,5,3
72204,5,3
129786,5,3
170775,5,2
178345,5,1
118792,5,3
66866,5,3
180453,5,1
130894,5,2
170689,5,5
198577,5,1
116205,5,3
160956,5,2
197411,5,1
127867,5,3
151997,5,2
189643,5,1
198075,5,1
188757,5,1
117650,5,3
178961,5,1
157557,5,3
148388,5,2
204836,5,1
185759,5,1
146443,5,3
207189,5,1
151461,5,2
180039,5,1
118109,5,3
81451,5,3
175195,5,1
164709,5,2
183251,5,1
184427,5,1
122029,5,3
203048,5,1
122942,5,2
163064,5,2
94653,5,3
154158,5,3
45512,5,3
153762,5,2
121182,5,2
37982,5,3
153544,5,4
134629,5,2
105176,5,2
53416,5,3
154458,5,2
155072,5,2
184599,5,1
122423,5,4
182559,5,2
111811,5,2
111628,5,3
27436,5,4
43292,5,3
162676,5,2
121449,5,3
189855,5,1
71133,5,3
148859,5,3
179783,5,1
138184,5,2
42698,5,3
153768,5,3
135280,5,3
150786,5,3
117148,5,3
149084,5,2
125786,5,2
171193,5,2
77296,5,3
7105,5,4
87860,5,3
179397,5,1
175351,5,1
154276,5,2
168798,5,2
132356,5,2
153939,5,2
164751,5,2
169800,5,1
162844,5,2
77941,5,3
182829,5,1
133695,5,2
163048,5,2
5138,5,3
176437,5,1
150320,5,3
206857,5,1
176397,5,3
154077,5,3
191663,5,1
176983,5,2
184223,5,3
202599,5,3
171887,5,1
80947,5,3
134232,5,4
85209,5,4
146732,5,2
177261,5,1
119677,5,2
134338,5,3
166794,5,2
177567,5,1
94539,5,3
184289,5,2
81744,5,3
105071,5,3
165879,5,2
183847,5,1
76814,5,4
165127,5,2
171503,5,4
122817,5,3
146134,5,5
198111,5,1
195767,5,1
152374,5,2
180465,5,1
166482,5,2
80713,5,3
171781,5,2
135933,5,3
166480,5,2
172777,5,4
144708,5,2
184011,5,1
178079,5,6
176779,5,1
192755,5,1
145372,5,2
155086,5,3
142935,5,4
149566,5,2
148820,5,3
119954,5,2
132462,5,2
144158,5,2
140874,5,2
129346,5,2
163466,5,3
163456,5,3
145759,5,2
122468,5,2
145522,5,3
147051,5,4
143363,5,2
118946,5,2
137920,5,2
158518,5,2
135260,5,4
142236,5,2
118342,5,3
160012,5,2
161206,5,2
132575,5,2
122519,5,3
132735,5,2
161074,5,2
160191,5,2
150340,5,2
155360,5,2
148070,5,2
142596,5,3
167378,5,2
156718,5,2
148056,5,3
152755,5,2
100562,5,4
202427,5,1
193725,5,1
180443,5,1
172459,5,1
102113,5,3
193843,5,1
101456,5,3
26911,5,4
203691,5,1
204188,5,1
182319,5,1
83339,5,3
113557,5,2
42638,5,3
200080,5,1
176373,5,1
200496,5,1
194618,5,1
175359,5,2
195533,5,1
74619,5,3
104035,5,2
195257,5,1
173167,5,2
103008,5,2
176761,5,1
200766,5,1
200866,5,1
105084,5,2
169888,5,1
115917,5,3
188603,5,1
97042,5,2
115574,5,2
183125,5,1
183161,5,1
170193,5,4
95695,5,3
170485,5,2
89877,5,3
183567,5,1
92006,5,3
171225,5,2
199337,5,1
187259,5,1
141916,5,2
105575,5,3
162362,5,2
184731,5,1
164635,5,2
184193,5,1
143464,5,2
177227,5,1
184287,5,1
143880,5,3
123161,5,2
152189,5,3
133837,5,2
164183,5,3
107217,5,3
69906,5,4
106238,5,2
142727,5,3
151559,5,2
164143,5,3
127302,5,3
99644,5,3
181251,5,5
189149,5,1
157226,5,2
181215,5,1
157559,5,2
100173,5,3
146366,5,4
130682,5,2
99064,5,3
146606,5,2
191803,5,1
85332,5,3
182705,5,3
158532,5,2
178963,5,1
79402,5,3
179219,5,2
160770,5,2
160460,5,2
183609,5,1
153899,5,2
81162,5,3
95969,5,4
159622,5,3
101489,5,2
61041,5,3
170733,5,2
6833,5,4
170609,5,3
135789,5,3
27332,5,4
27378,5,3
168406,5,6
116076,5,2
203022,5,1
5831,5,4
140283,5,2
201747,5,1
170525,5,3
110030,5,2
138804,5,2
118782,5,3
168042,5,2
170893,5,1
120759,5,3
204496,5,1
120580,5,2
173235,5,1
27171,5,4
27204,5,4
204868,5,1
135131,5,2
136664,5,2
167118,5,2
172497,5,4
174857,5,1
119687,5,4
136844,5,3
139835,5,2
140214,5,3
119798,5,4
27081,5,4
158536,5,2
98854,5,4
156549,5,2
171599,5,1
145162,5,4
114640,5,3
81688,5,4
158613,5,2
135957,5,3
32935,5,3
202547,5,1
157555,5,2
27212,5,4
99182,5,3
135881,5,3
156601,5,6
27136,5,4
171799,5,2
27197,5,4
180447,5,1
145510,5,3
141852,5,3
202479,5,1
191895,5,1
191901,5,1
150248,5,3
206795,5,1
94190,5,3
153074,5,4
182353,5,1
128255,5,3
152087,5,2
128153,5,2
151641,5,2
116805,5,3
187043,5,4
116889,5,3
186549,5,4
182889,5,2
118332,5,3
138558,5,3
154350,5,2
189869,5,1
138750,5,2
148811,5,3
153530,5,2
206329,5,1
170523,5,2
188339,5,1
170925,5,2
188641,5,1
183459,5,2
7950,5,4
153996,5,3
170871,5,2
198501,5,1
103301,5,2
54758,5,3
47248,5,3
175753,5,1
175621,5,2
194983,5,1
194967,5,1
140423,5,4
174663,5,1
46115,5,4
196437,5,1
121209,5,3
143436,5,2
104542,5,4
163478,5,2
122284,5,4
177555,5,1
195723,5,1
47681,5,3
194274,5,2
162610,5,2
140204,5,2
144700,5,2
175175,5,1
173999,5,4
158890,5,2
134244,5,5
172683,5,4
134330,5,2
162668,5,2
80557,5,3
133335,5,3
166657,5,2
173123,5,4
141704,5,2
199948,5,1
176875,5,3
162422,5,3
166281,5,2
141120,5,2
187521,5,2
187903,5,2
187899,5,2
187945,5,1
142683,5,3
149676,5,2
186383,5,3
141952,5,3
199091,5,1
137455,5,2
208747,5,1
208939,5,1
151613,5,2
149946,5,3
142096,5,2
198157,5,1
135224,5,2
31692,5,3
135945,5,3
26889,5,4
191093,5,1
135865,5,3
193221,5,1
193761,5,1
193575,5,1
145072,5,3
145921,5,2
82643,5,4
190615,5,1
130046,5,2
196239,5,1
143341,5,2
205575,5,1
188377,5,3
195487,5,1
195263,5,2
196095,5,1
147835,5,2
138616,5,4
138602,5,2
140840,5,2
204656,5,1
195987,5,1
153919,5,2
163470,5,3
170527,5,3
122357,5,4
153816,5,3
183601,5,1
161117,5,2
183325,5,1
176005,5,3
160557,5,2
170305,5,3
157553,5,2
116499,5,3
157577,5,3
178339,5,3
160680,5,4
154346,5,2
184025,5,1
166771,5,4
182435,5,3
112882,5,2
156379,5,3
171337,5,1
104610,5,4
171341,5,1
154352,5,2
111995,5,2
172537,5,1
118254,5,3
176579,5,1
176697,5,2
162672,5,2
162666,5,2
122037,5,3
151977,5,4
184451,5,3
174941,5,3
121165,5,3
121207,5,2
179403,5,1
152358,5,3
174849,5,4
158910,5,2
164214,5,3
160279,5,3
152175,5,4
174473,5,1
180441,5,1
184097,5,1
159042,5,2
158394,5,2
152759,5,3
180429,5,1
171985,5,4
179913,5,2
179011,5,3
166936,5,2
179825,5,1
143637,5,2
172069,5,3
179695,5,2
179599,5,3
160694,5,2
103343,5,2
172329,5,3
167162,5,1
195019,5,1
178565,5,3
103489,5,3
159423,5,3
113575,5,2
194440,5,1
179389,5,1
121783,5,3
175337,5,3
199219,5,1
201300,5,1
46154,5,3
198119,5,1
134029,5,4
198731,5,1
134651,5,3
52804,5,3
174647,5,2
174697,5,2
174705,5,3
121475,5,3
121477,5,4
141448,5,3
121273,5,4
200062,5,1
109267,5,3
200012,5,1
105599,5,3
176685,5,1
162656,5,2
197143,5,1
197049,5,1
177195,5,1
196199,5,3
177235,5,1
112741,5,2
196503,5,1
177047,5,1
44892,5,3
173107,5,4
166283,5,2
201638,5,2
138152,5,3
153750,5,4
126056,5,4
154083,5,3
183383,5,2
153941,5,2
188177,5,2
117863,5,2
87410,5,3
154967,5,4
168262,5,2
183149,5,1
130042,5,2
154462,5,2
150560,5,4
184971,5,4
136774,5,2
152356,5,3
187907,5,2
136952,5,3
117348,5,3
128227,5,3
149719,5,2
170205,5,4
153030,5,3
152824,5,3
117553,5,2
192013,5,1
191491,5,1
145773,5,2
139455,5,2
180885,5,4
158611,5,3
180267,5,1
145960,5,2
180965,5,1
181111,5,1
139219,5,4
190557,5,4
115285,5,2
138684,5,2
136227,5,2
204688,5,1
136194,5,3
136198,5,3
155758,5,2
182395,5,1
147340,5,3
191277,5,1
167460,5,2
193683,5,1
167982,5,2
138794,5,3
147049,5,3
136980,5,3
136974,5,2
208295,5,1
138526,5,3
201284,5,1
170501,5,1
201528,5,1
205291,5,1
168246,5,2
166022,5,2
173519,5,3
167180,5,2
206670,5,1
206959,5,1
172463,5,2
201344,5,1
182703,5,3
154945,5,2
147732,5,3
190293,5,1
154472,5,2
148420,5,2
189117,5,1
181349,5,1
145955,5,2
152461,5,3
149854,5,2
152753,5,3
150274,5,2
150276,5,2
152009,5,3
151547,5,2
185005,5,1
152192,5,2
185167,5,1
152153,5,3
188213,5,1
153538,5,3
188537,5,4
153907,5,3
152978,5,3
152890,5,3
153032,5,3
142570,5,3
197679,5,1
142246,5,2
162826,5,3
162664,5,2
174745,5,1
199065,5,1
198909,5,1
164855,5,3
164763,5,4
175249,5,3
141908,5,2
144654,5,2
159437,5,2
179337,5,1
193561,5,1
158693,5,2
177331,5,3
196093,5,1
177469,5,2
143878,5,3
195855,5,1
176889,5,2
178123,5,2
160720,5,3
160462,5,3
161094,5,2
169282,5,4
133808,5,2
100727,5,2
100387,5,2
95052,5,4
133289,5,2
93928,5,3
95748,5,3
135863,5,2
134823,5,2
121785,5,4
121267,5,3
121205,5,3
121192,5,3
122090,5,4
122543,5,4
118290,5,4
126229,5,4
126397,5,3
123785,5,3
105292,5,3
105040,5,2
112731,5,2
116297,5,4
110860,5,4
131062,5,3
136692,5,2
8764,5,4
7639,5,4
132340,5,2
181211,5,2
144068,5,2
181469,5,2
178397,5,2
178357,5,2
165727,5,2
165807,5,3
178969,5,4
121459,5,3
137705,5,4
179129,5,1
121161,5,3
184221,5,3
137908,5,3
161972,5,2
184159,5,3
201540,5,1
142905,5,2
185785,5,1
184831,5,1
161426,5,3
162744,5,2
162800,5,3
97917,5,4
162648,5,2
183277,5,2
143311,5,2
182747,5,1
183573,5,1
162278,5,3
132981,5,2
205763,5,3
204530,5,1
171899,5,3
169096,5,3
172119,5,2
27205,5,4
110607,5,3
168622,5,2
168488,5,4
136794,5,2
170195,5,3
170183,5,1
170323,5,3
116734,5,3
147994,5,2
203799,5,1
114510,5,4
130071,5,2
171593,5,2
169658,5,2
176249,5,1
105612,5,3
31205,5,3
177161,5,2
167840,5,1
168062,5,2
131021,5,2
203557,5,1
167412,5,2
108425,5,2
108468,5,2
85770,5,3
151657,5,3
195669,5,1
191201,5,3
190839,5,4
190885,5,1
153965,5,3
190943,5,1
136946,5,4
158292,5,3
189431,5,1
208096,5,1
157575,5,2
156617,5,3
140381,5,4
154947,5,2
81389,5,3
152177,5,2
194180,5,3
199772,5,1
199940,5,1
194985,5,1
195121,5,1
134957,5,3
191713,5,3
154290,5,3
194979,5,4
135581,5,4
140457,5,4
192677,5,1
140098,5,2
201026,5,1
160273,5,3
160337,5,2
187901,5,2
198857,5,1
197955,5,1
186479,5,3
187245,5,1
159942,5,2
200986,5,1
65633,5,3
186871,5,1
186821,5,3
198965,5,1
158876,5,2
139259,5,4
188837,5,2
158673,5,3
197205,5,1
159017,5,2
134358,5,2
136930,5,2
153364,5,2
188141,5,1
196979,5,1
208800,5,1
167630,5,3
204582,5,3
204540,5,1
153776,5,3
167988,5,2
207796,5,1
169460,5,3
168540,5,2
168280,5,2
206708,5,1
163454,5,2
206700,5,1
122503,5,3
162780,5,3
158282,5,2
158707,5,2
163573,5,2
122232,5,3
122296,5,4
160448,5,3
205893,5,1
204840,5,1
120240,5,4
156373,5,3
120384,5,2
120396,5,3
167372,5,2
167026,5,3
157625,5,6
165065,5,3
165041,5,3
165039,5,3
121237,5,2
164697,5,2
157332,5,2
165205,5,3
165291,5,3
188561,5,3
188533,5,1
188491,5,1
200534,5,3
88398,5,3
188239,5,4
188201,5,1
87683,5,3
200328,5,1
190769,5,2
189191,5,1
184917,5,2
185297,5,4
184231,5,1
186805,5,3
186073,5,4
186785,5,1
195937,5,1
199119,5,3
196087,5,1
199035,5,1
199289,5,1
199352,5,1
195689,5,1
194787,5,1
195427,5,1
195259,5,1
198761,5,1
198789,5,1
198503,5,1
198797,5,1
72342,5,3
199033,5,1
197103,5,1
199904,5,1
191089,5,2
191365,5,1
191361,5,4
194388,5,4
193863,5,1
27359,5,4
27703,5,3
175103,5,2
173489,5,3
110229,5,3
108016,5,3
176063,5,1
176017,5,3
203144,5,1
175619,5,2
175571,5,3
115923,5,2
172843,5,3
172841,5,4
172037,5,4
181707,5,4
202033,5,3
182921,5,2
182895,5,3
180309,5,1
177967,5,2
104805,5,4
105338,5,3
178957,5,4
33994,5,4
179093,5,1
202415,5,1
101803,5,2
148454,5,4
133749,5,2
134004,5,3
136202,5,4
138686,5,3
146136,5,5
132114,5,4
147392,5,3
144029,5,3
130271,5,3
142754,5,3
146660,5,3
142156,5,4
135951,5,4
145048,5,2
149594,5,2
145285,5,4
140791,5,2
149328,5,3
141108,5,3
141219,5,3
140721,5,2
173229,5,2
172233,5,4
199346,5,1
173325,5,2
172333,5,3
199412,5,4
172293,5,2
199782,5,4
173003,5,3
199446,5,1
198691,5,3
131419,5,3
175965,5,3
138674,5,4
174651,5,3
175559,5,2
198685,5,1
175043,5,3
174991,5,3
173929,5,2
199049,5,2
105884,5,3
176099,5,2
136235,5,2
174399,5,2
198181,5,6
201911,5,1
201927,5,1
119681,5,3
136644,5,2
118914,5,3
201835,5,3
120200,5,2
203152,5,1
203202,5,3
202541,5,3
165827,5,2
165703,5,3
115911,5,3
171091,5,2
171085,5,1
138206,5,2
115989,5,3
130349,5,2
114617,5,2
171365,5,3
171625,5,1
201228,5,2
138022,5,3
200588,5,1
169718,5,3
169482,5,2
52118,5,3
186979,5,1
133794,5,4
187151,5,1
140168,5,2
142186,5,3
184319,5,1
184317,5,4
142937,5,2
133379,5,2
185755,5,2
133722,5,2
187905,5,2
192429,5,1
190757,5,1
190737,5,1
192861,5,1
192757,5,2
192197,5,1
191727,5,2
190845,5,4
191309,5,2
191187,5,3
193403,5,2
193353,5,4
189485,5,3
189511,5,2
188793,5,2
189031,5,1
189141,5,2
196929,5,3
179697,5,1
179423,5,3
135931,5,3
179107,5,4
101823,5,4
139223,5,3
179367,5,2
180567,5,1
132464,5,2
139299,5,3
139341,5,4
197531,5,1
102830,5,3
102908,5,2
178387,5,4
178557,5,4
178541,5,4
178453,5,2
197303,5,4
178489,5,2
183313,5,1
143082,5,2
195319,5,2
139745,5,2
139533,5,2
181575,5,2
181745,5,4
135837,5,3
181325,5,3
162480,5,2
149948,5,3
127865,5,3
158721,5,4
163633,5,3
153564,5,2
161218,5,2
208813,5,1
203886,5,1
208247,5,1
160444,5,2
206133,5,1
160281,5,3
8909,5,3
154256,5,3
204834,5,1
125477,5,2
204308,5,1
158486,5,3
160452,5,2
206633,5,1
122809,5,3
164161,5,2
27234,5,4
137102,5,3
136792,5,2
137441,5,2
27077,5,4
149840,5,2
122098,5,3
159694,5,3
196083,5,3
181249,5,2
132739,5,3
139489,5,4
195665,5,1
206937,5,1
124923,5,3
206698,5,1
196047,5,1
206658,5,3
139523,5,2
157214,5,3
177813,5,3
177901,5,4
144942,5,3
197683,5,1
124346,5,4
178329,5,3
145078,5,4
176947,5,2
197885,5,1
177137,5,4
196761,5,3
151551,5,4
179981,5,1
179585,5,2
180251,5,1
180159,5,3
144736,5,2
178581,5,2
179447,5,4
132044,5,4
158372,5,2
206150,5,1
87173,5,4
153556,5,3
189209,5,2
189197,5,2
187663,5,1
154344,5,2
193519,5,3
188017,5,1
154164,5,3
208239,5,3
191229,5,3
191217,5,1
191165,5,4
191199,5,3
191369,5,2
191305,5,2
191321,5,1
191099,5,3
191829,5,4
191837,5,3
191477,5,3
191471,5,3
140637,5,4
191463,5,2
191669,5,1
191703,5,3
140489,5,4
189983,5,4
189895,5,2
190241,5,2
190827,5,2
155707,5,2
184447,5,1
194993,5,1
184217,5,1
184209,5,3
143039,5,4
184225,5,3
184237,5,2
184433,5,1
135615,5,3
184781,5,1
184197,5,2
184195,5,2
195033,5,1
186473,5,1
125866,5,3
133941,5,2
207944,5,1
142194,5,3
186957,5,1
187113,5,1
194202,5,1
186471,5,1
125539,5,2
185639,5,3
207638,5,1
142701,5,3
185549,5,4
194268,5,1
185965,5,1
186145,5,3
194336,5,1
186091,5,3
177965,5,2
162260,5,3
162274,5,4
204302,5,1
51905,5,3
200522,5,1
170283,5,4
200578,5,1
137286,5,2
122774,5,3
168986,5,4
148326,5,2
162544,5,2
168710,5,2
201272,5,1
162624,5,2
117660,5,3
201142,5,3
201050,5,2
122805,5,4
204696,5,1
171997,5,4
200046,5,1
172387,5,2
172075,5,2
200374,5,3
204450,5,2
161926,5,2
200124,5,1
204584,5,1
202501,5,4
202509,5,1
202801,5,1
163799,5,2
202265,5,3
163605,5,3
137707,5,3
121467,5,4
164761,5,2
164276,5,4
203409,5,4
203282,5,1
203371,5,1
122102,5,3
203068,5,1
201632,5,3
168074,5,3
201731,5,1
167728,5,4
118810,5,3
118824,5,4
148765,5,3
137339,5,4
168620,5,2
201402,5,3
168186,5,2
201518,5,2
203807,5,4
167072,5,4
166673,5,2
166679,5,3
201849,5,1
119587,5,4
160543,5,2
138576,5,2
199169,5,3
110811,5,3
146398,5,4
175509,5,4
145743,5,3
199175,5,1
123563,5,3
198813,5,2
174975,5,4
198787,5,1
175065,5,3
160352,5,2
160370,5,3
160277,5,2
175273,5,2
199418,5,2
199528,5,4
172779,5,4
202071,5,1
197513,5,3
136634,5,2
201943,5,4
205681,5,2
193511,5,1
203258,5,4
198637,5,2
203855,5,1
208259,5,1
197917,5,1
192829,5,1
208863,5,4
208843,5,1
198297,5,1
197613,5,1
205443,5,1
135234,5,4
137593,5,4
203719,5,2
192349,5,3
208639,5,1
136770,5,2
207133,5,3
200360,5,1
204498,5,4
207043,5,2
207045,5,2
195339,5,1
200382,5,4
138156,5,4
199191,5,4
200428,5,2
139785,5,3
207249,5,1
204916,5,3
195851,5,1
206662,5,3
200090,5,2
139471,5,3
199466,5,2
139697,5,3
204672,5,1
206887,5,1
194204,5,1
80154,5,4
194080,5,4
194282,5,2
204172,5,2
197027,5,1
208006,5,1
194770,5,3
199107,5,1
204292,5,2
199023,5,1
206252,5,1
207632,5,1
201006,5,2
129311,5,3
148785,5,3
168014,5,2
119758,5,6
128880,5,2
122458,5,3
122453,5,4
163599,5,3
165285,5,3
130386,5,4
147674,5,2
170459,5,2
170849,5,3
172227,5,4
172399,5,2
171633,5,3
148412,5,3
117734,5,3
168656,5,1
116535,5,3
169616,5,2
155567,5,2
152447,5,4
154556,5,3
127341,5,4
123227,5,3
123186,5,2
122673,5,4
122758,5,3
162550,5,3
128423,5,4
160283,5,3
160195,5,2
185753,5,1
185595,5,4
186977,5,4
187177,5,2
142438,5,2
182439,5,3
184403,5,4
184483,5,3
183755,5,1
190665,5,3
190619,5,1
189683,5,1
141275,5,4
190923,5,2
190925,5,3
191311,5,2
191169,5,3
191193,5,3
187909,5,3
187333,5,4
189211,5,1
145330,5,3
145382,5,4
173613,5,3
172891,5,3
172969,5,3
110318,5,4
100570,5,4
181555,5,1
178671,5,2
145042,5,3
177891,5,2
